Variant_ID,Gene,Chromosome,Position,Ref,Alt,Label,RSCU_WT,RSCU_MUT,Delta_RSCU,CAI_WT,CAI_MUT,Delta_CAI,wt_MFE,mut_MFE,Delta_Delta_G,phyloP,phastCons,splicing_dist_to_junction
CV_3832605,CFTR,chr7,117540220,NAN,NAN,0,0.0,0.0,0.0,0.0,0.0,0.0,-37.00000000000001,-34.00000000000001,3.0,0.938709,1.0,120.0
CV_2774829,BRCA1,chr17,43071126,NAN,NAN,1,0.0,0.0,0.0,0.0,0.0,0.0,-40.7,-37.70000000000001,2.999999999999993,0.217598,0.0708661,112.0
CV_4215671,BRCA2,chr13,32379514,NAN,NAN,0,0.0,0.0,0.0,0.0,0.0,0.0,-32.6,-28.400000000000002,4.199999999999999,1.21769,1.0,1.0
CV_1580950,BRCA2,chr13,32336554,NAN,NAN,1,0.0,0.0,0.0,0.0,0.0,0.0,-43.5,-39.300000000000004,4.199999999999996,0.119882,0.0,289.0
CV_4215718,BRCA2,chr13,32394690,NAN,NAN,0,0.0,0.0,0.0,0.0,0.0,0.0,-43.99999999999999,-39.699999999999996,4.299999999999997,0.369654,0.84252,1.0
CV_4215743,BRCA2,chr13,32394759,NAN,NAN,0,0.0,0.0,0.0,0.0,0.0,0.0,-39.80000000000001,-37.60000000000001,2.200000000000003,0.286811,0.992126,70.0
CV_1556304,BRCA2,chr13,32338966,NAN,NAN,1,0.0,0.0,0.0,0.0,0.0,0.0,-37.60000000000001,-35.60000000000001,2.0,0.126906,0.976378,2230.0
CV_4215173,BRCA2,chr13,32376677,NAN,NAN,0,0.0,0.0,0.0,0.0,0.0,0.0,-33.4,-30.400000000000002,2.9999999999999964,-0.601772,0.0,7.0
CV_4700203,BRCA2,chr13,32339596,NAN,NAN,1,0.0,0.0,0.0,0.0,0.0,0.0,-40.0,-35.7,4.299999999999997,-0.942205,0.0,1600.0
CV_4215681,BRCA2,chr13,32379880,NAN,NAN,0,0.0,0.0,0.0,0.0,0.0,0.0,-37.599999999999994,-33.39999999999999,4.200000000000003,3.44458,1.0,33.0
CV_4715278,BRCA2,chr13,32338642,NAN,NAN,1,0.0,0.0,0.0,0.0,0.0,0.0,-35.300000000000004,-31.100000000000005,4.199999999999999,1.1144,1.0,2377.0
CV_4215715,BRCA2,chr13,32380132,NAN,NAN,0,0.0,0.0,0.0,0.0,0.0,0.0,-31.799999999999994,-28.799999999999994,3.0,-0.277307,0.582677,13.0
CV_4714568,BRCA1,chr17,43093707,NAN,NAN,0,0.0,0.0,0.0,0.0,0.0,0.0,-37.20000000000001,-33.00000000000001,4.200000000000003,-0.294669,0.0393701,1153.0
CV_2020746,BRCA1,chr17,43104155,NAN,NAN,1,0.0,0.0,0.0,0.0,0.0,0.0,-39.20000000000001,-34.900000000000006,4.300000000000004,0.280732,0.771654,33.0
CV_2756470,BRCA2,chr13,32394759,NAN,NAN,1,0.0,0.0,0.0,0.0,0.0,0.0,-39.80000000000001,-37.60000000000001,2.200000000000003,0.286811,0.992126,70.0
CV_2846157,BRCA1,chr17,43091475,NAN,NAN,1,0.0,0.0,0.0,0.0,0.0,0.0,-37.2,-34.2,3.0,0.371646,0.976378,40.0
CV_1739640,BRCA2,chr13,32338666,NAN,NAN,1,0.0,0.0,0.0,0.0,0.0,0.0,-34.2,-29.900000000000002,4.300000000000001,-0.942882,0.0,2401.0
CV_3668357,BRCA2,chr13,32333026,NAN,NAN,1,0.0,0.0,0.0,0.0,0.0,0.0,-35.300000000000004,-31.1,4.200000000000003,-1.35,0.0,361.0
CV_4215324,BRCA2,chr13,32356591,NAN,NAN,0,0.0,0.0,0.0,0.0,0.0,0.0,-42.70000000000001,-38.50000000000001,4.200000000000003,-0.473008,0.0,18.0
CV_3894195,BRCA2,chr13,32339605,NAN,NAN,0,0.0,0.0,0.0,0.0,0.0,0.0,-39.900000000000006,-34.50000000000001,5.399999999999999,-1.37098,0.0,1591.0
CV_1774138,BRCA2,chr13,32332987,NAN,NAN,1,0.0,0.0,0.0,0.0,0.0,0.0,-30.800000000000008,-26.500000000000007,4.300000000000001,0.444,0.0472441,400.0
CV_4215304,BRCA2,chr13,32356525,NAN,NAN,0,0.0,0.0,0.0,0.0,0.0,0.0,-37.0,-33.8,3.200000000000003,0.300409,0.992126,84.0
CV_3656216,BRCA1,chr17,43093977,NAN,NAN,0,0.0,0.0,0.0,0.0,0.0,0.0,-34.5,-30.300000000000004,4.199999999999996,0.783323,1.0,883.0
CV_4729085,CFTR-AS2,chr7,117627752,NAN,NAN,0,0.0,0.0,0.0,0.0,0.0,0.0,0.0,0.0,0.0,-0.209921,0.637795,9999.0
CV_3722502,BRCA2,chr13,32338747,NAN,NAN,0,0.0,0.0,0.0,0.0,0.0,0.0,-30.3,-26.1,4.199999999999999,0.702945,0.732283,2449.0
CV_3724849,BRCA1,chr17,43091001,NAN,NAN,1,0.0,0.0,0.0,0.0,0.0,0.0,-40.300000000000004,-37.300000000000004,3.0,-1.04016,0.00787402,31.0
CV_4281066,MAPT,chr17,45983113,NAN,NAN,0,0.0,0.0,0.0,0.0,0.0,0.0,-46.2,-40.4,5.800000000000004,-0.300992,0.0,247.0
CV_1545325,BRCA2,chr13,32379886,NAN,NAN,1,0.0,0.0,0.0,0.0,0.0,0.0,-35.89999999999999,-32.89999999999999,3.0,-0.849905,0.00787402,27.0
CV_1669663,BRCA1,chr17,43093413,NAN,NAN,1,0.0,0.0,0.0,0.0,0.0,0.0,-36.9,-32.699999999999996,4.200000000000003,0.294874,0.0,1447.0
CV_4725749,BRCA1,chr17,43071105,NAN,NAN,1,0.0,0.0,0.0,0.0,0.0,0.0,-36.300000000000004,-29.700000000000003,6.600000000000001,1.13978,0.220472,133.0
CV_1975141,BRCA2,chr13,32319108,NAN,NAN,1,0.0,0.0,0.0,0.0,0.0,0.0,-32.800000000000004,-29.799999999999997,3.000000000000007,0.702205,1.0,31.0
CV_1552541,BRCA2,chr13,32398239,NAN,NAN,1,0.0,0.0,0.0,0.0,0.0,0.0,-42.40000000000001,-38.10000000000001,4.300000000000004,-0.206205,0.0,77.0
CV_2027135,BRCA1,chr17,43091625,NAN,NAN,1,0.0,0.0,0.0,0.0,0.0,0.0,-40.20000000000001,-38.20000000000001,2.0,-2.11977,0.0,190.0
CV_1577755,BRCA1,chr17,43099827,NAN,NAN,1,0.0,0.0,0.0,0.0,0.0,0.0,-41.1,-36.9,4.200000000000003,1.19263,0.866142,52.0
CV_4731454,BRCA2,chr13,32339932,NAN,NAN,0,0.0,0.0,0.0,0.0,0.0,0.0,-28.599999999999998,-26.400000000000002,2.1999999999999957,-0.0846457,0.0,1264.0
CV_2573921,BRCA2,chr13,32332463,NAN,NAN,1,0.0,0.0,0.0,0.0,0.0,0.0,-33.6,-30.199999999999996,3.4000000000000057,4.101,0.992126,191.0
CV_4215366,BRCA2,chr13,32362559,NAN,NAN,0,0.0,0.0,0.0,0.0,0.0,0.0,-33.7,-31.500000000000004,2.1999999999999993,-0.0408898,0.96063,36.0
CV_4215717,BRCA2,chr13,32380144,NAN,NAN,0,0.0,0.0,0.0,0.0,0.0,0.0,-34.6,-30.400000000000002,4.199999999999999,2.96742,0.992126,1.0
CV_4732257,BRCA2,chr13,32332909,NAN,NAN,0,0.0,0.0,0.0,0.0,0.0,0.0,-38.300000000000004,-35.900000000000006,2.3999999999999986,-0.384,0.0,478.0
CV_2888812,BRCA1,chr17,43092321,NAN,NAN,1,0.0,0.0,0.0,0.0,0.0,0.0,-38.6,-34.4,4.200000000000003,0.484457,0.0472441,886.0
CV_3674484,BRCA2,chr13,32394690,NAN,NAN,1,0.0,0.0,0.0,0.0,0.0,0.0,-43.99999999999999,-39.699999999999996,4.299999999999997,0.369654,0.84252,1.0
CV_3717028,BRCA1,chr17,43099851,NAN,NAN,0,0.0,0.0,0.0,0.0,0.0,0.0,-40.2,-36.800000000000004,3.3999999999999986,1.11544,0.992126,29.0
CV_2901285,BRCA2,chr13,32354975,NAN,NAN,1,0.0,0.0,0.0,0.0,0.0,0.0,-34.5,-32.5,2.0,0.509937,0.0,114.0
CV_2020442,BRCA2,chr13,32338471,NAN,NAN,1,0.0,0.0,0.0,0.0,0.0,0.0,-42.8,-40.6,2.1999999999999957,0.209197,0.0,2206.0
CV_4215411,BRCA2,chr13,32363227,NAN,NAN,0,0.0,0.0,0.0,0.0,0.0,0.0,-32.4,-30.2,2.1999999999999993,-0.190252,0.354331,48.0
CV_1654850,BRCA2,chr13,32356513,NAN,NAN,1,0.0,0.0,0.0,0.0,0.0,0.0,-47.30000000000002,-43.10000000000001,4.20000000000001,0.300409,0.984252,85.0
CV_2102483,BRCA2,chr13,32326119,NAN,NAN,1,0.0,0.0,0.0,0.0,0.0,0.0,-34.5,-31.000000000000004,3.4999999999999964,-0.21248,0.0,18.0
CV_1602394,BRCA2,chr13,32336356,NAN,NAN,1,0.0,0.0,0.0,0.0,0.0,0.0,-36.60000000000001,-32.400000000000006,4.200000000000003,0.51189,0.0,91.0
CV_4282065,MAPT,chr17,45974449,NAN,NAN,1,0.0,0.0,0.0,0.0,0.0,0.0,-50.00000000000001,-44.300000000000004,5.700000000000003,0.726622,0.637795,2504.0
CV_4215367,BRCA2,chr13,32362562,NAN,NAN,0,0.0,0.0,0.0,0.0,0.0,0.0,-30.100000000000005,-28.300000000000004,1.8000000000000007,-0.0408898,0.913386,39.0
CV_4215453,BRCA2,chr13,32363314,NAN,NAN,0,0.0,0.0,0.0,0.0,0.0,0.0,-32.4,-28.999999999999996,3.400000000000002,-0.524079,0.0,135.0
CV_2907523,BRCA1,chr17,43093263,NAN,NAN,1,0.0,0.0,0.0,0.0,0.0,0.0,-38.699999999999996,-32.099999999999994,6.600000000000001,-0.663134,0.0,1597.0
CV_4215545,BRCA2,chr13,32370482,NAN,NAN,0,0.0,0.0,0.0,0.0,0.0,0.0,-43.300000000000004,-37.9,5.400000000000006,-0.642968,0.0,75.0
CV_3226332,BRCA2,chr13,32338039,NAN,NAN,1,0.0,0.0,0.0,0.0,0.0,0.0,-33.3,-30.1,3.1999999999999957,0.884039,0.566929,1774.0
CV_1574766,BRCA1,chr17,43091442,NAN,NAN,1,0.0,0.0,0.0,0.0,0.0,0.0,-37.5,-34.5,3.0,0.454693,0.88189,7.0
CV_4215160,BRCA2,chr13,32394921,NAN,NAN,0,0.0,0.0,0.0,0.0,0.0,0.0,-29.900000000000006,-28.1,1.8000000000000043,1.52945,0.771654,12.0
CV_4215785,BRCA2,chr13,32394843,NAN,NAN,0,0.0,0.0,0.0,0.0,0.0,0.0,-36.099999999999994,-33.099999999999994,3.0,-0.955827,0.0,90.0
CV_4215226,BRCA2,chr13,32379499,NAN,NAN,0,0.0,0.0,0.0,0.0,0.0,0.0,-28.299999999999997,-26.5,1.7999999999999972,0.817913,0.984252,16.0
CV_4227441,CFTR,chr7,117592178,NAN,NAN,0,0.0,0.0,0.0,0.0,0.0,0.0,-38.2,-36.2,2.0,0.0843071,0.015748,244.0
CV_2766627,BRCA2,chr13,32332690,NAN,NAN,1,0.0,0.0,0.0,0.0,0.0,0.0,-44.0,-40.800000000000004,3.1999999999999957,1.272,0.992126,418.0
CV_4215520,BRCA2,chr13,32370407,NAN,NAN,0,0.0,0.0,0.0,0.0,0.0,0.0,-38.5,-34.3,4.200000000000003,-0.963543,0.015748,5.0
CV_1768867,BRCA1,chr17,43094532,NAN,NAN,1,0.0,0.0,0.0,0.0,0.0,0.0,-48.10000000000001,-43.900000000000006,4.200000000000003,0.631276,0.0,328.0
CV_4215352,BRCA2,chr13,32357928,NAN,NAN,0,0.0,0.0,0.0,0.0,0.0,0.0,-32.400000000000006,-29.000000000000007,3.3999999999999986,5.46165,1.0,1.0
CV_4724898,BRCA1,chr17,43093884,NAN,NAN,0,0.0,0.0,0.0,0.0,0.0,0.0,-33.7,-30.300000000000008,3.399999999999995,1.08742,0.015748,976.0
CV_3654745,BRCA2,chr13,32356432,NAN,NAN,0,0.0,0.0,0.0,0.0,0.0,0.0,-30.800000000000004,-28.6,2.200000000000003,0.397087,0.023622,4.0
CV_3894460,BRCA2,chr13,32363476,NAN,NAN,0,0.0,0.0,0.0,0.0,0.0,0.0,-47.2,-41.80000000000001,5.3999999999999915,0.25485,0.992126,57.0
CV_1528760,BRCA2,chr13,32336386,NAN,NAN,1,0.0,0.0,0.0,0.0,0.0,0.0,-30.900000000000006,-27.500000000000004,3.400000000000002,-0.585732,0.0,121.0
CV_4215475,BRCA2,chr13,32363416,NAN,NAN,0,0.0,0.0,0.0,0.0,0.0,0.0,-39.4,-35.199999999999996,4.200000000000003,-1.41428,0.0,117.0
CV_3699297,BRCA2,chr13,32319079,NAN,NAN,1,0.0,0.0,0.0,0.0,0.0,0.0,-31.900000000000006,-30.1,1.8000000000000043,1.68845,1.0,2.0
CV_4215504,BRCA2,chr13,32363506,NAN,NAN,0,0.0,0.0,0.0,0.0,0.0,0.0,-45.199999999999996,-42.2,2.999999999999993,0.0322992,0.984252,27.0
CV_4215542,BRCA2,chr13,32370476,NAN,NAN,0,0.0,0.0,0.0,0.0,0.0,0.0,-41.6,-37.4,4.200000000000003,0.211898,0.992126,74.0
CV_2744847,BRCA1,chr17,43092801,NAN,NAN,1,0.0,0.0,0.0,0.0,0.0,0.0,-31.600000000000005,-28.6,3.0000000000000036,-0.0735906,0.0,1366.0
CV_4215606,BRCA2,chr13,32376710,NAN,NAN,0,0.0,0.0,0.0,0.0,0.0,0.0,-40.6,-37.60000000000001,2.999999999999993,-0.121236,0.913386,40.0
CV_4766515,CFTR,chr7,117540139,NAN,NAN,0,0.0,0.0,0.0,0.0,0.0,0.0,-35.6,-32.400000000000006,3.1999999999999957,0.806126,0.992126,39.0
CV_1735905,BRCA1,chr17,43091640,NAN,NAN,1,0.0,0.0,0.0,0.0,0.0,0.0,-38.900000000000006,-35.900000000000006,3.0,0.205551,0.984252,205.0
CV_2813204,BRCA1,chr17,43092639,NAN,NAN,1,0.0,0.0,0.0,0.0,0.0,0.0,-38.50000000000001,-34.2,4.300000000000004,-0.0938976,0.0,1204.0
CV_4215350,BRCA2,chr13,32357921,NAN,NAN,0,0.0,0.0,0.0,0.0,0.0,0.0,-30.1,-28.100000000000005,1.9999999999999964,1.12662,1.0,8.0
CV_1671573,BRCA2,chr13,32398395,NAN,NAN,1,0.0,0.0,0.0,0.0,0.0,0.0,-47.7,-43.4,4.300000000000004,0.422307,0.992126,233.0
CV_2759360,BRCA1,chr17,43074344,NAN,NAN,1,0.0,0.0,0.0,0.0,0.0,0.0,-40.50000000000001,-37.50000000000001,3.0,0.275764,0.440945,13.0
CV_3992770,BRCA2,chr13,32398476,NAN,NAN,0,0.0,0.0,0.0,0.0,0.0,0.0,-40.300000000000004,-36.10000000000001,4.199999999999996,-0.206205,0.0,314.0
CV_4294405,BRCA1,chr17,43079395,NAN,NAN,1,0.0,0.0,0.0,0.0,0.0,0.0,-35.00000000000001,-29.200000000000006,5.800000000000001,1.69203,1.0,2781.0
CV_1625999,BRCA1,chr17,43074497,NAN,NAN,1,0.0,0.0,0.0,0.0,0.0,0.0,-36.70000000000001,-33.50000000000001,3.200000000000003,-0.101669,0.0,24.0
CV_4215508,BRCA2,chr13,32363512,NAN,NAN,0,0.0,0.0,0.0,0.0,0.0,0.0,-42.30000000000001,-35.70000000000001,6.600000000000001,0.0322992,0.968504,21.0
CV_4215427,BRCA2,chr13,32363263,NAN,NAN,0,0.0,0.0,0.0,0.0,0.0,0.0,-35.300000000000004,-32.300000000000004,3.0,-0.0789764,0.929134,84.0
CV_4215238,BRCA2,chr13,32356576,NAN,NAN,0,0.0,0.0,0.0,0.0,0.0,0.0,-45.20000000000001,-41.00000000000001,4.200000000000003,0.783795,0.992126,33.0
CV_4215519,BRCA2,chr13,32370404,NAN,NAN,0,0.0,0.0,0.0,0.0,0.0,0.0,-38.10000000000001,-36.30000000000001,1.7999999999999972,0.211898,0.984252,2.0
CV_4001796,CFTR,chr7,117610665,NAN,NAN,0,0.0,0.0,0.0,0.0,0.0,0.0,-38.20000000000001,-34.00000000000001,4.200000000000003,2.87596,1.0,4.0
CV_2135773,BRCA2,chr13,32332462,NAN,NAN,1,0.0,0.0,0.0,0.0,0.0,0.0,-34.6,-31.199999999999996,3.4000000000000057,-0.039,0.023622,190.0
CV_2841194,BRCA1,chr17,43099872,NAN,NAN,1,0.0,0.0,0.0,0.0,0.0,0.0,-43.60000000000001,-38.20000000000001,5.399999999999999,0.806685,0.173228,8.0
CV_4215323,BRCA2,chr13,32356585,NAN,NAN,0,0.0,0.0,0.0,0.0,0.0,0.0,-47.50000000000001,-44.50000000000001,3.0,-0.182976,0.0,24.0
CV_4215426,BRCA2,chr13,32363260,NAN,NAN,0,0.0,0.0,0.0,0.0,0.0,0.0,-35.20000000000001,-32.2,3.000000000000007,0.143575,0.984252,81.0
CV_4215175,BRCA2,chr13,32376686,NAN,NAN,0,0.0,0.0,0.0,0.0,0.0,0.0,-32.900000000000006,-29.700000000000006,3.1999999999999993,-0.121236,0.0,16.0
CV_3261463,BRCA1,chr17,43092945,NAN,NAN,1,0.0,0.0,0.0,0.0,0.0,0.0,-34.699999999999996,-29.299999999999997,5.399999999999999,-0.220976,0.0,1510.0
CV_2829635,BRCA2,chr13,32370548,NAN,NAN,1,0.0,0.0,0.0,0.0,0.0,0.0,-40.300000000000004,-34.800000000000004,5.5,-0.0018189,0.913386,9.0
CV_3825463,BRCA2,chr13,32330978,NAN,NAN,0,0.0,0.0,0.0,0.0,0.0,0.0,-35.5,-31.000000000000007,4.499999999999993,-0.893189,0.0,52.0
CV_3992614,BRCA1,chr17,43092561,NAN,NAN,0,0.0,0.0,0.0,0.0,0.0,0.0,-29.099999999999994,-26.899999999999995,2.1999999999999993,1.47592,0.354331,1126.0
CV_1793557,BRCA2,chr13,32398608,NAN,NAN,1,0.0,0.0,0.0,0.0,0.0,0.0,-36.400000000000006,-32.2,4.200000000000003,-0.0266299,0.0,446.0
CV_4215808,BRCA2,chr13,32394882,NAN,NAN,0,0.0,0.0,0.0,0.0,0.0,0.0,-45.099999999999994,-42.099999999999994,3.0,0.701024,1.0,51.0
CV_4215487,BRCA2,chr13,32363443,NAN,NAN,0,0.0,0.0,0.0,0.0,0.0,0.0,-41.2,-38.2,3.0,-0.190252,0.740157,90.0
CV_3707677,CFTR,chr7,117603748,NAN,NAN,0,0.0,0.0,0.0,0.0,0.0,0.0,-39.400000000000006,-36.400000000000006,3.0,-1.82094,0.0,34.0
CV_1572572,BRCA2,chr13,32344562,NAN,NAN,1,0.0,0.0,0.0,0.0,0.0,0.0,-37.900000000000006,-34.800000000000004,3.1000000000000014,1.86661,1.0,4.0
CV_1522808,BRCA2,chr13,32394855,NAN,NAN,1,0.0,0.0,0.0,0.0,0.0,0.0,-34.5,-30.3,4.199999999999999,0.701024,1.0,78.0
CV_2693515,BRCA2,chr13,32355260,NAN,NAN,1,0.0,0.0,0.0,0.0,0.0,0.0,-36.1,-33.1,3.0,-0.849968,0.0,28.0
CV_4215632,BRCA2,chr13,32379340,NAN,NAN,0,0.0,0.0,0.0,0.0,0.0,0.0,-40.300000000000004,-38.1,2.200000000000003,-0.181535,0.448819,23.0
CV_2998611,BRCA2,chr13,32340094,NAN,NAN,1,0.0,0.0,0.0,0.0,0.0,0.0,-37.9,-34.4,3.5,0.172622,0.0,1102.0
CV_1608319,BRCA2,chr13,32333206,NAN,NAN,1,0.0,0.0,0.0,0.0,0.0,0.0,-34.4,-31.2,3.1999999999999993,1.34847,0.00787402,181.0
CV_1992915,BRCA2,chr13,32338972,NAN,NAN,1,0.0,0.0,0.0,0.0,0.0,0.0,-37.60000000000001,-32.2,5.400000000000006,1.03211,1.0,2224.0
CV_2884052,BRCA2,chr13,32357780,NAN,NAN,1,0.0,0.0,0.0,0.0,0.0,0.0,-30.3,-28.099999999999998,2.200000000000003,0.404118,0.992126,38.0
CV_2000158,BRCA2,chr13,32339116,NAN,NAN,1,0.0,0.0,0.0,0.0,0.0,0.0,-45.0,-40.8,4.200000000000003,1.44357,0.0,2080.0
CV_2070642,BRCA2,chr13,32332678,NAN,NAN,1,0.0,0.0,0.0,0.0,0.0,0.0,-38.300000000000004,-36.50000000000001,1.7999999999999972,-0.867,0.0,406.0
CV_1728353,BRCA1,chr17,43092366,NAN,NAN,1,0.0,0.0,0.0,0.0,0.0,0.0,-41.1,-35.6,5.5,0.236591,0.913386,931.0
CV_4215579,BRCA2,chr13,32370980,NAN,NAN,0,0.0,0.0,0.0,0.0,0.0,0.0,-32.50000000000001,-30.500000000000007,2.0,0.746189,0.0393701,24.0
CV_4824518,BRCA2,chr13,32340490,NAN,NAN,0,0.0,0.0,0.0,0.0,0.0,0.0,-30.300000000000008,-28.500000000000007,1.8000000000000007,-0.339063,0.0,706.0
CV_4001840,CFTR,chr7,117664790,NAN,NAN,0,0.0,0.0,0.0,0.0,0.0,0.0,-40.800000000000004,-37.800000000000004,3.0,1.81846,0.992126,70.0
CV_1732938,BRCA2,chr13,32337940,NAN,NAN,1,0.0,0.0,0.0,0.0,0.0,0.0,-38.9,-34.599999999999994,4.300000000000004,-1.37865,0.0,1675.0
CV_2745524,BRCA2,chr13,32362544,NAN,NAN,1,0.0,0.0,0.0,0.0,0.0,0.0,-45.00000000000001,-40.7,4.300000000000004,0.290173,0.992126,21.0
CV_4720235,BRCA1,chr17,43071180,NAN,NAN,0,0.0,0.0,0.0,0.0,0.0,0.0,-37.60000000000001,-34.400000000000006,3.200000000000003,-0.420835,0.0,58.0
CV_1535641,BRCA1,chr17,43092813,NAN,NAN,1,0.0,0.0,0.0,0.0,0.0,0.0,-32.800000000000004,-27.400000000000002,5.400000000000002,1.0318,0.614173,1378.0
CV_2774848,LOC126862571,chr17,43092183,NAN,NAN,1,0.0,0.0,0.0,0.0,0.0,0.0,0.0,0.0,0.0,0.484457,0.0,9999.0
CV_4215370,BRCA2,chr13,32362565,NAN,NAN,0,0.0,0.0,0.0,0.0,0.0,0.0,-34.900000000000006,-31.500000000000004,3.400000000000002,0.400528,0.992126,42.0
CV_3992690,BRCA2,chr13,32338462,NAN,NAN,0,0.0,0.0,0.0,0.0,0.0,0.0,-34.199999999999996,-30.0,4.199999999999996,-0.531425,0.0,2197.0
CV_4824548,BRCA2,chr13,32332486,NAN,NAN,0,0.0,0.0,0.0,0.0,0.0,0.0,-40.6,-37.6,3.0,0.582,0.0,214.0
CV_4718284,BRCA2,chr13,32339665,NAN,NAN,0,0.0,0.0,0.0,0.0,0.0,0.0,-37.1,-32.900000000000006,4.199999999999996,1.03018,0.015748,1531.0
CV_2114684,BRCA1,chr17,43094220,NAN,NAN,1,0.0,0.0,0.0,0.0,0.0,0.0,-39.4,-36.199999999999996,3.200000000000003,0.783323,0.0,640.0
CV_2727385,BRCA2,chr13,32337919,NAN,NAN,1,0.0,0.0,0.0,0.0,0.0,0.0,-33.6,-31.4,2.200000000000003,1.89835,0.401575,1654.0
CV_4215437,BRCA2,chr13,32363281,NAN,NAN,0,0.0,0.0,0.0,0.0,0.0,0.0,-31.1,-28.900000000000002,2.1999999999999993,-0.0789764,0.0472441,102.0
CV_2450694,BRCA1,chr17,43092834,NAN,NAN,1,0.0,0.0,0.0,0.0,0.0,0.0,-34.1,-29.900000000000002,4.199999999999999,0.000102362,0.0,1399.0
CV_1604843,BRCA2,chr13,32398236,NAN,NAN,1,0.0,0.0,0.0,0.0,0.0,0.0,-42.500000000000014,-37.10000000000001,5.400000000000006,-0.0266299,0.0,74.0
CV_4227405,CFTR,chr7,117595025,NAN,NAN,0,0.0,0.0,0.0,0.0,0.0,0.0,-31.500000000000004,-26.000000000000004,5.5,0.799945,1.0,33.0
CV_2761033,BRCA2,chr13,32379790,NAN,NAN,1,0.0,0.0,0.0,0.0,0.0,0.0,-30.8,-26.6,4.199999999999999,0.00899213,0.944882,40.0
CV_3825283,BRCA1,chr17,43071177,NAN,NAN,0,0.0,0.0,0.0,0.0,0.0,0.0,-37.70000000000001,-34.70000000000001,3.0,-0.137087,0.0,61.0
CV_3832560,CFTR,chr7,117509044,NAN,NAN,0,0.0,0.0,0.0,0.0,0.0,0.0,-44.20000000000001,-40.800000000000004,3.4000000000000057,5.44409,1.0,10.0
CV_1740717,BRCA1,chr17,43076520,NAN,NAN,1,0.0,0.0,0.0,0.0,0.0,0.0,-35.3,-31.9,3.3999999999999986,0.189394,0.0,32.0
CV_2089798,BRCA2,chr13,32339644,NAN,NAN,1,0.0,0.0,0.0,0.0,0.0,0.0,-32.6,-28.4,4.200000000000003,-0.0846457,0.0,1552.0
CV_1664374,BRCA1,chr17,43099794,NAN,NAN,1,0.0,0.0,0.0,0.0,0.0,0.0,-38.300000000000004,-33.70000000000001,4.599999999999994,-0.119583,0.984252,19.0
CV_4215829,BRCA2,chr13,32396912,NAN,NAN,0,0.0,0.0,0.0,0.0,0.0,0.0,-34.7,-32.900000000000006,1.7999999999999972,2.13056,1.0,14.0
CV_3657538,BRCA2,chr13,32337634,NAN,NAN,0,0.0,0.0,0.0,0.0,0.0,0.0,-35.800000000000004,-30.400000000000006,5.399999999999999,0.0257795,0.0,1369.0
CV_3774477,BRCA2,chr13,32339683,NAN,NAN,0,0.0,0.0,0.0,0.0,0.0,0.0,-37.10000000000001,-32.9,4.20000000000001,-0.942205,0.0,1513.0
CV_4215220,BRCA2,chr13,32356453,NAN,NAN,0,0.0,0.0,0.0,0.0,0.0,0.0,-37.60000000000001,-32.20000000000001,5.399999999999999,0.590441,1.0,25.0
CV_4215439,BRCA2,chr13,32363284,NAN,NAN,0,0.0,0.0,0.0,0.0,0.0,0.0,-35.10000000000001,-33.300000000000004,1.8000000000000043,1.25633,0.984252,105.0
CV_4215692,BRCA2,chr13,32380054,NAN,NAN,0,0.0,0.0,0.0,0.0,0.0,0.0,-48.30000000000001,-45.300000000000004,3.000000000000007,0.390724,0.0787402,47.0
CV_2821818,BRCA2,chr13,32355158,NAN,NAN,1,0.0,0.0,0.0,0.0,0.0,0.0,-33.1,-31.300000000000008,1.7999999999999936,0.0382992,0.0,130.0
CV_4215301,BRCA2,chr13,32356507,NAN,NAN,0,0.0,0.0,0.0,0.0,0.0,0.0,-47.6,-43.300000000000004,4.299999999999997,-0.0862992,0.850394,79.0
CV_1621034,BRCA2,chr13,32357864,NAN,NAN,1,0.0,0.0,0.0,0.0,0.0,0.0,-39.50000000000001,-35.20000000000001,4.299999999999997,-0.0775512,0.874016,65.0
CV_4215414,BRCA2,chr13,32363239,NAN,NAN,0,0.0,0.0,0.0,0.0,0.0,0.0,-43.70000000000001,-40.50000000000001,3.200000000000003,0.25485,0.992126,60.0
CV_2089455,BRCA2,chr13,32398335,NAN,NAN,1,0.0,0.0,0.0,0.0,0.0,0.0,-39.300000000000004,-35.10000000000001,4.199999999999996,-0.0266299,0.96063,173.0
CV_1791066,BRCA1,chr17,43093107,NAN,NAN,1,0.0,0.0,0.0,0.0,0.0,0.0,-41.39999999999999,-38.4,2.999999999999993,-0.0735906,0.0,1672.0
CV_4215762,BRCA2,chr13,32394816,NAN,NAN,0,0.0,0.0,0.0,0.0,0.0,0.0,-46.4,-42.1,4.299999999999997,-0.293087,0.110236,117.0
CV_3070303,BRCA2,chr13,32337076,NAN,NAN,1,0.0,0.0,0.0,0.0,0.0,0.0,-33.800000000000004,-28.400000000000006,5.399999999999999,0.668693,0.559055,811.0
CV_3683567,BRCA1,chr17,43082522,NAN,NAN,1,0.0,0.0,0.0,0.0,0.0,0.0,-39.300000000000004,-36.20000000000001,3.0999999999999943,-1.31581,0.0,53.0
CV_4215224,BRCA2,chr13,32379511,NAN,NAN,0,0.0,0.0,0.0,0.0,0.0,0.0,-33.2,-31.200000000000003,2.0,1.0178,1.0,4.0
CV_1551222,BRCA1,chr17,43093845,NAN,NAN,1,0.0,0.0,0.0,0.0,0.0,0.0,-34.70000000000001,-31.70000000000001,3.0,0.0991102,0.23622,1015.0
CV_1995021,BRCA1,chr17,43095916,NAN,NAN,1,0.0,0.0,0.0,0.0,0.0,0.0,-38.40000000000001,-34.2,4.20000000000001,1.44636,0.771654,6.0
CV_4282065,MAPT,chr17,45974449,NAN,NAN,0,0.0,0.0,0.0,0.0,0.0,0.0,-50.00000000000001,-44.300000000000004,5.700000000000003,0.726622,0.637795,2504.0
CV_2821548,BRCA1,chr17,43092624,NAN,NAN,1,0.0,0.0,0.0,0.0,0.0,0.0,-35.1,-32.7,2.3999999999999986,0.0713465,0.0,1189.0
CV_3662414,BRCA1,chr17,43093080,NAN,NAN,1,0.0,0.0,0.0,0.0,0.0,0.0,-34.6,-31.5,3.1000000000000014,0.221181,0.0,1645.0
CV_2035149,BRCA2,chr13,32337505,NAN,NAN,1,0.0,0.0,0.0,0.0,0.0,0.0,-35.50000000000001,-30.100000000000005,5.400000000000002,-1.53469,0.0,1240.0
CV_4215294,BRCA2,chr13,32356444,NAN,NAN,0,0.0,0.0,0.0,0.0,0.0,0.0,-38.1,-35.1,3.0,1.46054,1.0,16.0
CV_2020820,BRCA2,chr13,32332351,NAN,NAN,1,0.0,0.0,0.0,0.0,0.0,0.0,-35.70000000000001,-32.300000000000004,3.4000000000000057,0.375,0.96063,79.0
CV_4215332,BRCA2,chr13,32357801,NAN,NAN,0,0.0,0.0,0.0,0.0,0.0,0.0,-36.5,-33.5,3.0,0.283701,0.992126,59.0
CV_1776769,BRCA2,chr13,32333107,NAN,NAN,1,0.0,0.0,0.0,0.0,0.0,0.0,-36.400000000000006,-34.0,2.4000000000000057,0.0817008,0.0,280.0
CV_1650294,BRCA1,chr17,43076532,NAN,NAN,1,0.0,0.0,0.0,0.0,0.0,0.0,-40.60000000000001,-36.400000000000006,4.200000000000003,0.962307,0.0551181,44.0
CV_3704321,BRCA1,chr17,43092732,NAN,NAN,1,0.0,0.0,0.0,0.0,0.0,0.0,-39.300000000000004,-35.0,4.300000000000004,3.87196,0.88189,1297.0
CV_4625529,BRCA1,chr17,43099848,NAN,NAN,0,0.0,0.0,0.0,0.0,0.0,0.0,-39.10000000000001,-33.6,5.500000000000007,1.88733,1.0,32.0
CV_3663779,BRCA2,chr13,32326110,NAN,NAN,0,0.0,0.0,0.0,0.0,0.0,0.0,-37.5,-34.5,3.0,2.62692,0.92126,9.0
CV_4215530,BRCA2,chr13,32370431,NAN,NAN,0,0.0,0.0,0.0,0.0,0.0,0.0,-48.6,-43.1,5.5,-0.322394,0.574803,29.0
CV_4215176,BRCA2,chr13,32376743,NAN,NAN,0,0.0,0.0,0.0,0.0,0.0,0.0,-39.5,-35.3,4.200000000000003,-0.00110236,0.952756,48.0
CV_4215787,BRCA2,chr13,32394849,NAN,NAN,0,0.0,0.0,0.0,0.0,0.0,0.0,-33.800000000000004,-30.800000000000008,2.9999999999999964,3.68335,1.0,84.0
CV_3261458,BRCA1,chr17,43091454,NAN,NAN,1,0.0,0.0,0.0,0.0,0.0,0.0,-37.800000000000004,-36.00000000000001,1.7999999999999972,0.288598,0.188976,19.0
CV_4085318,BRCA2,chr13,32341081,NAN,NAN,0,0.0,0.0,0.0,0.0,0.0,0.0,-37.0,-35.00000000000001,1.999999999999993,0.0178189,0.771654,115.0
CV_4713340,BRCA2,chr13,32340220,NAN,NAN,0,0.0,0.0,0.0,0.0,0.0,0.0,-34.40000000000001,-30.20000000000001,4.200000000000003,0.463921,0.0,976.0
CV_1768399,BRCA1,chr17,43094547,NAN,NAN,1,0.0,0.0,0.0,0.0,0.0,0.0,-37.7,-34.20000000000001,3.499999999999993,1.16344,0.0,313.0
CV_3675236,BRCA2,chr13,32336533,NAN,NAN,0,0.0,0.0,0.0,0.0,0.0,0.0,-30.20000000000001,-28.40000000000001,1.8000000000000007,3.09914,0.937008,268.0
CV_3992601,BRCA1,chr17,43074515,NAN,NAN,0,0.0,0.0,0.0,0.0,0.0,0.0,-39.7,-33.10000000000001,6.599999999999994,0.0241417,0.708661,6.0
CV_2708676,BRCA2,chr13,32340607,NAN,NAN,1,0.0,0.0,0.0,0.0,0.0,0.0,-31.000000000000004,-29.000000000000004,2.0,1.89145,0.968504,589.0
CV_4215680,BRCA2,chr13,32379805,NAN,NAN,0,0.0,0.0,0.0,0.0,0.0,0.0,-36.00000000000001,-33.00000000000001,3.0,-0.277307,0.0,55.0
CV_1674565,BRCA1,chr17,43124022,NAN,NAN,1,0.0,0.0,0.0,0.0,0.0,0.0,-42.10000000000001,-36.70000000000001,5.399999999999999,-0.511622,0.96063,5.0
CV_4215658,BRCA2,chr13,32379452,NAN,NAN,0,0.0,0.0,0.0,0.0,0.0,0.0,-39.500000000000014,-36.50000000000001,3.000000000000007,2.91676,0.984252,63.0
CV_1611217,BRCA2,chr13,32339089,NAN,NAN,1,0.0,0.0,0.0,0.0,0.0,0.0,-38.300000000000004,-34.900000000000006,3.3999999999999986,2.1019,0.15748,2107.0
CV_4215317,BRCA2,chr13,32356570,NAN,NAN,0,0.0,0.0,0.0,0.0,0.0,0.0,-46.4,-42.199999999999996,4.200000000000003,0.107055,0.96063,39.0
CV_4215737,BRCA2,chr13,32394729,NAN,NAN,0,0.0,0.0,0.0,0.0,0.0,0.0,-34.0,-32.00000000000001,1.999999999999993,0.203969,0.984252,40.0
CV_1672042,BRCA2,chr13,32340043,NAN,NAN,1,0.0,0.0,0.0,0.0,0.0,0.0,-38.800000000000004,-35.6,3.200000000000003,0.687157,0.0,1153.0
CV_3992791,BRCA2,chr13,32316466,NAN,NAN,0,0.0,0.0,0.0,0.0,0.0,0.0,-36.30000000000001,-32.900000000000006,3.4000000000000057,-0.279732,0.0,44.0
CV_4227387,CFTR,chr7,117627581,NAN,NAN,0,0.0,0.0,0.0,0.0,0.0,0.0,-39.70000000000001,-34.300000000000004,5.400000000000006,0.19452,0.0,59.0
CV_1661264,BRCA2,chr13,32332918,NAN,NAN,1,0.0,0.0,0.0,0.0,0.0,0.0,-39.6,-34.1,5.5,-0.246,0.0,469.0
CV_1755586,BRCA2,chr13,32341168,NAN,NAN,1,0.0,0.0,0.0,0.0,0.0,0.0,-35.00000000000001,-33.2,1.8000000000000043,1.80223,1.0,28.0
CV_3652471,BRCA2,chr13,32333068,NAN,NAN,0,0.0,0.0,0.0,0.0,0.0,0.0,-28.200000000000003,-26.400000000000002,1.8000000000000007,0.952606,0.889764,319.0
CV_4215309,BRCA2,chr13,32356543,NAN,NAN,0,0.0,0.0,0.0,0.0,0.0,0.0,-41.6,-37.4,4.200000000000003,-0.859717,0.0,66.0
CV_4227411,LOC111674472,chr7,117610569,NAN,NAN,0,0.0,0.0,0.0,0.0,0.0,0.0,0.0,0.0,0.0,-0.558638,0.110236,9999.0
CV_4215827,BRCA2,chr13,32394930,NAN,NAN,0,0.0,0.0,0.0,0.0,0.0,0.0,-36.2,-33.2,3.0,0.369654,0.976378,3.0
CV_2008129,BRCA1,chr17,43082513,NAN,NAN,1,0.0,0.0,0.0,0.0,0.0,0.0,-37.300000000000004,-33.1,4.200000000000003,-0.510299,0.637795,62.0
CV_2850553,BRCA2,chr13,32398657,NAN,NAN,1,0.0,0.0,0.0,0.0,0.0,0.0,-37.5,-33.199999999999996,4.300000000000004,-0.295992,0.0,495.0
CV_4215618,BRCA2,chr13,32376749,NAN,NAN,0,0.0,0.0,0.0,0.0,0.0,0.0,-40.6,-38.80000000000001,1.79999999999999,-0.361504,0.826772,42.0
CV_3071664,BRCA2,chr13,32331023,NAN,NAN,1,0.0,0.0,0.0,0.0,0.0,0.0,-41.800000000000004,-38.800000000000004,3.0,0.749646,0.0,7.0
CV_4718284,BRCA2,chr13,32339665,NAN,NAN,1,0.0,0.0,0.0,0.0,0.0,0.0,-37.1,-32.900000000000006,4.199999999999996,1.03018,0.015748,1531.0
CV_2451491,BRCA2,chr13,32332963,NAN,NAN,1,0.0,0.0,0.0,0.0,0.0,0.0,-40.0,-37.0,3.0,-0.591,0.0,424.0
CV_4718483,BRCA2,chr13,32332948,NAN,NAN,0,0.0,0.0,0.0,0.0,0.0,0.0,-38.1,-35.1,3.0,1.203,0.0,439.0
CV_1630481,BRCA1,chr17,43094142,NAN,NAN,1,0.0,0.0,0.0,0.0,0.0,0.0,-37.6,-35.800000000000004,1.7999999999999972,2.45584,1.0,718.0
CV_1763733,BRCA2,chr13,32332330,NAN,NAN,1,0.0,0.0,0.0,0.0,0.0,0.0,-39.2,-36.2,3.0,2.1,0.0708661,58.0
CV_4215431,BRCA2,chr13,32363272,NAN,NAN,0,0.0,0.0,0.0,0.0,0.0,0.0,-35.699999999999996,-33.900000000000006,1.79999999999999,0.25485,0.992126,93.0
CV_3832563,CFTR,chr7,117611795,NAN,NAN,0,0.0,0.0,0.0,0.0,0.0,0.0,-32.1,-26.699999999999996,5.400000000000006,0.486622,0.992126,13.0
CV_2091648,BRCA1,chr17,43104215,NAN,NAN,1,0.0,0.0,0.0,0.0,0.0,0.0,-36.8,-33.7,3.0999999999999943,-0.360213,0.141732,46.0
CV_3647772,BRCA2,chr13,32338294,NAN,NAN,1,0.0,0.0,0.0,0.0,0.0,0.0,-30.10000000000001,-25.800000000000004,4.300000000000004,-2.17725,0.0,2029.0
CV_1750222,BRCA2,chr13,32340232,NAN,NAN,1,0.0,0.0,0.0,0.0,0.0,0.0,-30.100000000000005,-28.100000000000005,2.0,0.0178189,0.0,964.0
CV_2702405,BRCA2,chr13,32337292,NAN,NAN,1,0.0,0.0,0.0,0.0,0.0,0.0,-30.1,-26.7,3.400000000000002,0.181827,0.0,1027.0
CV_3005582,BRCA2,chr13,32338237,NAN,NAN,1,0.0,0.0,0.0,0.0,0.0,0.0,-27.8,-24.3,3.5,0.126906,0.0,1972.0
CV_4215521,BRCA2,chr13,32370407,NAN,NAN,0,0.0,0.0,0.0,0.0,0.0,0.0,-38.5,-34.3,4.200000000000003,-0.963543,0.015748,5.0
CV_4215669,BRCA2,chr13,32379496,NAN,NAN,0,0.0,0.0,0.0,0.0,0.0,0.0,-28.699999999999992,-25.699999999999996,2.9999999999999964,1.11775,0.80315,19.0
CV_4756957,BRCA2,chr13,32337923,NAN,NAN,0,0.0,0.0,0.0,0.0,0.0,0.0,-33.6,-29.0,4.600000000000001,2.60056,0.992126,1658.0
CV_4731423,BRCA2,chr13,32355278,NAN,NAN,1,0.0,0.0,0.0,0.0,0.0,0.0,-36.7,-33.7,3.0,0.127126,0.0,10.0
CV_4085547,BRCA1,chr17,43094808,NAN,NAN,0,0.0,0.0,0.0,0.0,0.0,0.0,-35.400000000000006,-30.000000000000004,5.400000000000002,0.783323,0.0,52.0
CV_4708017,BRCA2,chr13,32337733,NAN,NAN,1,0.0,0.0,0.0,0.0,0.0,0.0,-34.6,-32.6,2.0,2.13242,1.0,1468.0
CV_2834038,BRCA2,chr13,32339752,NAN,NAN,1,0.0,0.0,0.0,0.0,0.0,0.0,-38.6,-35.4,3.200000000000003,0.42989,0.0,1444.0
CV_3638333,BRCA2,chr13,32380102,NAN,NAN,1,0.0,0.0,0.0,0.0,0.0,0.0,-41.5,-36.099999999999994,5.400000000000006,1.34506,1.0,43.0
CV_1759406,BRCA2,chr13,32356528,NAN,NAN,1,0.0,0.0,0.0,0.0,0.0,0.0,-34.8,-31.799999999999997,3.0,-0.569685,0.0,81.0
CV_3992818,BRCA2,chr13,32336479,NAN,NAN,0,0.0,0.0,0.0,0.0,0.0,0.0,-41.50000000000001,-37.300000000000004,4.200000000000003,1.29591,0.0,214.0
CV_4648562,CFTR,chr7,117627650,NAN,NAN,0,0.0,0.0,0.0,0.0,0.0,0.0,-38.10000000000001,-33.900000000000006,4.200000000000003,0.0934094,0.992126,120.0
CV_2772554,BRCA2,chr13,32333230,NAN,NAN,1,0.0,0.0,0.0,0.0,0.0,0.0,-31.399999999999995,-29.599999999999998,1.7999999999999972,2.1402,1.0,157.0
CV_2700798,BRCA2,chr13,32332477,NAN,NAN,1,0.0,0.0,0.0,0.0,0.0,0.0,-30.5,-25.099999999999998,5.400000000000002,0.168,0.0,205.0
CV_4215784,BRCA2,chr13,32394843,NAN,NAN,0,0.0,0.0,0.0,0.0,0.0,0.0,-36.099999999999994,-33.099999999999994,3.0,-0.955827,0.0,90.0
CV_1559587,BRCA2,chr13,32341000,NAN,NAN,1,0.0,0.0,0.0,0.0,0.0,0.0,-34.900000000000006,-30.600000000000005,4.300000000000001,-1.32049,0.0,196.0
CV_3612202,BRCA2,chr13,32340586,NAN,NAN,1,0.0,0.0,0.0,0.0,0.0,0.0,-37.2,-31.800000000000008,5.399999999999995,0.642362,1.0,610.0
CV_2022225,BRCA2,chr13,32336929,NAN,NAN,1,0.0,0.0,0.0,0.0,0.0,0.0,-32.5,-28.3,4.199999999999999,-0.507331,0.0,664.0
CV_4649788,CFTR,chr7,117531090,NAN,NAN,0,0.0,0.0,0.0,0.0,0.0,0.0,-34.300000000000004,-30.9,3.4000000000000057,-0.00628346,0.795276,24.0
CV_3992824,BRCA2,chr13,32332825,NAN,NAN,0,0.0,0.0,0.0,0.0,0.0,0.0,-41.800000000000004,-40.00000000000001,1.7999999999999972,1.41,0.0708661,553.0
CV_3704559,BRCA2,chr13,32370470,NAN,NAN,0,0.0,0.0,0.0,0.0,0.0,0.0,-43.900000000000006,-40.900000000000006,3.0,-0.429252,0.338583,68.0
CV_2681836,BRCA2,chr13,32354891,NAN,NAN,1,0.0,0.0,0.0,0.0,0.0,0.0,-31.5,-28.299999999999997,3.200000000000003,-0.654047,0.0,30.0
CV_3722828,BRCA2,chr13,32357783,NAN,NAN,1,0.0,0.0,0.0,0.0,0.0,0.0,-27.799999999999997,-23.5,4.299999999999997,2.21038,1.0,41.0
CV_4215315,BRCA2,chr13,32356561,NAN,NAN,0,0.0,0.0,0.0,0.0,0.0,0.0,-40.0,-35.8,4.200000000000003,0.300409,0.992126,48.0
CV_2726941,BRCA2,chr13,32379865,NAN,NAN,1,0.0,0.0,0.0,0.0,0.0,0.0,-37.400000000000006,-34.00000000000001,3.3999999999999986,-0.0864409,0.0,48.0
CV_3698225,BRCA1,chr17,43094367,NAN,NAN,0,0.0,0.0,0.0,0.0,0.0,0.0,-37.70000000000001,-34.70000000000001,3.0,1.23946,1.0,493.0
CV_3074699,BRCA2,chr13,32340742,NAN,NAN,1,0.0,0.0,0.0,0.0,0.0,0.0,-28.4,-26.4,2.0,0.107039,0.0,454.0
CV_4215284,BRCA2,chr13,32354955,NAN,NAN,0,0.0,0.0,0.0,0.0,0.0,0.0,-34.199999999999996,-32.4,1.7999999999999972,0.593079,0.629921,94.0
CV_4215492,BRCA2,chr13,32363458,NAN,NAN,0,0.0,0.0,0.0,0.0,0.0,0.0,-34.60000000000001,-31.60000000000001,3.0,-0.635354,0.0,75.0
CV_4001849,CFTR,chr7,117592264,NAN,NAN,0,0.0,0.0,0.0,0.0,0.0,0.0,-33.20000000000001,-31.20000000000001,2.0,-0.118953,0.598425,330.0
CV_2776752,BRCA2,chr13,32336932,NAN,NAN,1,0.0,0.0,0.0,0.0,0.0,0.0,-31.299999999999997,-29.099999999999998,2.1999999999999993,-0.428929,0.0,667.0
CV_4827532,CFTR,chr7,117592162,NAN,NAN,0,0.0,0.0,0.0,0.0,0.0,0.0,-40.0,-34.599999999999994,5.400000000000006,-0.118953,0.88189,228.0
CV_1604019,BRCA2,chr13,32341153,NAN,NAN,1,0.0,0.0,0.0,0.0,0.0,0.0,-29.300000000000004,-27.300000000000004,2.0,1.89145,0.92126,43.0
CV_4215653,BRCA2,chr13,32379445,NAN,NAN,0,0.0,0.0,0.0,0.0,0.0,0.0,-39.199999999999996,-36.1,3.0999999999999943,-0.48137,0.0944882,70.0
CV_2035374,BRCA2,chr13,32339063,NAN,NAN,1,0.0,0.0,0.0,0.0,0.0,0.0,-43.10000000000001,-38.900000000000006,4.200000000000003,1.69044,0.0,2133.0
CV_1740725,BRCA1,chr17,43076517,NAN,NAN,1,0.0,0.0,0.0,0.0,0.0,0.0,-32.3,-26.9,5.399999999999999,0.343976,0.0,29.0
CV_4215443,BRCA2,chr13,32363296,NAN,NAN,0,0.0,0.0,0.0,0.0,0.0,0.0,-35.7,-32.7,3.0,0.699953,0.0,117.0
CV_2078500,BRCA2,chr13,32339701,NAN,NAN,1,0.0,0.0,0.0,0.0,0.0,0.0,-30.799999999999994,-28.999999999999996,1.7999999999999972,-0.0846457,0.0,1495.0
CV_1579116,BRCA2,chr13,32356546,NAN,NAN,1,0.0,0.0,0.0,0.0,0.0,0.0,-42.900000000000006,-37.40000000000001,5.499999999999993,-0.0862992,0.0,63.0
CV_4215607,BRCA2,chr13,32376722,NAN,NAN,0,0.0,0.0,0.0,0.0,0.0,0.0,-41.699999999999996,-38.699999999999996,3.0,-0.601772,0.0,52.0
CV_3692813,BRCA1,chr17,43092075,NAN,NAN,1,0.0,0.0,0.0,0.0,0.0,0.0,-40.70000000000001,-35.20000000000001,5.5,0.649701,0.944882,640.0
CV_1651795,BRCA2,chr13,32344613,NAN,NAN,1,0.0,0.0,0.0,0.0,0.0,0.0,-26.599999999999998,-23.4,3.1999999999999993,0.482591,0.889764,40.0
CV_3699297,BRCA2,chr13,32319079,NAN,NAN,0,0.0,0.0,0.0,0.0,0.0,0.0,-31.900000000000006,-30.1,1.8000000000000043,1.68845,1.0,2.0
CV_1661242,BRCA2,chr13,32355254,NAN,NAN,1,0.0,0.0,0.0,0.0,0.0,0.0,-38.5,-34.3,4.200000000000003,-0.228181,0.0,34.0
CV_4215695,BRCA2,chr13,32380075,NAN,NAN,0,0.0,0.0,0.0,0.0,0.0,0.0,-32.1,-28.900000000000002,3.1999999999999993,-0.181874,0.80315,68.0
CV_4843832,CFTR,chr7,117614704,NAN,NAN,0,0.0,0.0,0.0,0.0,0.0,0.0,-41.300000000000004,-35.9,5.400000000000006,1.41623,1.0,9.0
CV_2822699,BRCA2,chr13,32337121,NAN,NAN,1,0.0,0.0,0.0,0.0,0.0,0.0,-35.6,-31.400000000000006,4.199999999999996,-0.115323,0.0,856.0
CV_4720753,BRCA2,chr13,32336719,NAN,NAN,0,0.0,0.0,0.0,0.0,0.0,0.0,-35.7,-30.200000000000003,5.5,0.433488,0.19685,454.0
CV_2133472,BRCA2,chr13,32398647,NAN,NAN,1,0.0,0.0,0.0,0.0,0.0,0.0,-35.80000000000001,-33.80000000000001,2.0,-1.46323,0.0,485.0
CV_4215574,BRCA2,chr13,32370976,NAN,NAN,0,0.0,0.0,0.0,0.0,0.0,0.0,-36.60000000000001,-32.400000000000006,4.200000000000003,0.105039,0.984252,20.0
CV_4734519,BRCA2,chr13,32333344,NAN,NAN,0,0.0,0.0,0.0,0.0,0.0,0.0,-34.099999999999994,-31.099999999999998,2.9999999999999964,0.79426,0.015748,43.0
CV_2027312,BRCA1,chr17,43093884,NAN,NAN,1,0.0,0.0,0.0,0.0,0.0,0.0,-33.7,-30.300000000000008,3.399999999999995,1.08742,0.015748,976.0
CV_1995015,BRCA2,chr13,32336863,NAN,NAN,1,0.0,0.0,0.0,0.0,0.0,0.0,-38.2,-34.0,4.200000000000003,1.37431,0.716535,598.0
CV_3779419,BRCA2,chr13,32332480,NAN,NAN,0,0.0,0.0,0.0,0.0,0.0,0.0,-33.3,-30.099999999999994,3.200000000000003,2.376,0.779528,208.0
CV_4215754,BRCA2,chr13,32394795,NAN,NAN,0,0.0,0.0,0.0,0.0,0.0,0.0,-39.5,-35.3,4.200000000000003,1.03239,1.0,106.0
CV_4215245,BRCA2,chr13,32394891,NAN,NAN,1,0.0,0.0,0.0,0.0,0.0,0.0,-39.800000000000004,-33.1,6.700000000000003,-0.0445591,0.00787402,42.0
CV_3728085,BRCA1,chr17,43095856,NAN,NAN,0,0.0,0.0,0.0,0.0,0.0,0.0,-35.199999999999996,-30.999999999999993,4.200000000000003,1.11845,0.401575,10.0
CV_4724229,BRCA1,chr17,43094133,NAN,NAN,1,0.0,0.0,0.0,0.0,0.0,0.0,-39.5,-34.1,5.399999999999999,0.0230866,0.19685,727.0
CV_4215447,BRCA2,chr13,32363305,NAN,NAN,0,0.0,0.0,0.0,0.0,0.0,0.0,-30.700000000000003,-26.500000000000004,4.199999999999999,0.25485,0.102362,126.0
CV_4825413,CFTR,chr7,117535379,NAN,NAN,0,0.0,0.0,0.0,0.0,0.0,0.0,-45.0,-39.6,5.399999999999999,2.51826,1.0,32.0
CV_4215418,BRCA2,chr13,32363248,NAN,NAN,0,0.0,0.0,0.0,0.0,0.0,0.0,-39.2,-34.99999999999999,4.20000000000001,-0.301528,0.527559,69.0
CV_2774850,BRCA1,chr17,43092630,NAN,NAN,1,0.0,0.0,0.0,0.0,0.0,0.0,-33.900000000000006,-29.7,4.200000000000006,0.732323,0.0,1195.0
CV_3652309,BRCA2,chr13,32363410,NAN,NAN,1,0.0,0.0,0.0,0.0,0.0,0.0,-45.20000000000002,-41.00000000000001,4.20000000000001,0.366126,0.0472441,123.0
CV_3481932,BRCA2,chr13,32340328,NAN,NAN,1,0.0,0.0,0.0,0.0,0.0,0.0,-34.0,-31.0,3.0,1.35613,1.0,868.0
CV_4771668,BRCA1,chr17,43076604,NAN,NAN,0,0.0,0.0,0.0,0.0,0.0,0.0,-32.50000000000001,-29.500000000000004,3.0000000000000036,0.498559,1.0,10.0
CV_4215638,BRCA2,chr13,32379355,NAN,NAN,0,0.0,0.0,0.0,0.0,0.0,0.0,-37.00000000000001,-33.8,3.20000000000001,-0.181535,0.015748,38.0
CV_3660292,BRCA2,chr13,32336266,NAN,NAN,0,0.0,0.0,0.0,0.0,0.0,0.0,-32.1,-29.0,3.1000000000000014,1.84472,0.944882,1.0
CV_2114487,BRCA2,chr13,32333014,NAN,NAN,1,0.0,0.0,0.0,0.0,0.0,0.0,-36.800000000000004,-33.4,3.4000000000000057,1.203,0.913386,373.0
CV_4215349,BRCA2,chr13,32357918,NAN,NAN,0,0.0,0.0,0.0,0.0,0.0,0.0,-30.0,-27.0,3.0,2.69205,1.0,11.0
CV_3660565,BRCA2,chr13,32336974,NAN,NAN,0,0.0,0.0,0.0,0.0,0.0,0.0,-29.800000000000008,-27.600000000000005,2.200000000000003,0.51189,0.0393701,709.0
CV_3660933,BRCA1,chr17,43104149,NAN,NAN,0,0.0,0.0,0.0,0.0,0.0,0.0,-36.800000000000004,-33.300000000000004,3.5,0.040378,0.503937,27.0
CV_2000847,BRCA2,chr13,32331005,NAN,NAN,1,0.0,0.0,0.0,0.0,0.0,0.0,-32.900000000000006,-29.900000000000006,3.0,2.42237,0.0787402,25.0
CV_2681838,BRCA2,chr13,32357816,NAN,NAN,1,0.0,0.0,0.0,0.0,0.0,0.0,-33.50000000000001,-29.300000000000004,4.200000000000003,0.163283,0.0,74.0
CV_4215499,BRCA2,chr13,32363482,NAN,NAN,0,0.0,0.0,0.0,0.0,0.0,0.0,-46.10000000000001,-40.60000000000001,5.5,-0.0789764,0.19685,51.0
CV_3075623,BRCA2,chr13,32338081,NAN,NAN,1,0.0,0.0,0.0,0.0,0.0,0.0,-33.90000000000001,-29.60000000000001,4.300000000000004,0.571945,1.0,1816.0
CV_3709110,BRCA2,chr13,32354981,NAN,NAN,0,0.0,0.0,0.0,0.0,0.0,0.0,-38.20000000000001,-34.00000000000001,4.200000000000003,-0.0720551,0.0,120.0
CV_4215529,BRCA2,chr13,32370428,NAN,NAN,0,0.0,0.0,0.0,0.0,0.0,0.0,-47.6,-43.39999999999999,4.20000000000001,-0.322394,0.0,26.0
CV_1963200,BRCA2,chr13,32337787,NAN,NAN,1,0.0,0.0,0.0,0.0,0.0,0.0,-37.7,-32.2,5.5,-0.286315,0.0,1522.0
CV_4215621,BRCA2,chr13,32376761,NAN,NAN,0,0.0,0.0,0.0,0.0,0.0,0.0,-39.10000000000001,-34.900000000000006,4.200000000000003,0.359299,0.952756,30.0
CV_4215705,BRCA2,chr13,32380105,NAN,NAN,0,0.0,0.0,0.0,0.0,0.0,0.0,-40.9,-35.5,5.399999999999999,0.86789,1.0,40.0
CV_4713998,BRCA2,chr13,32398293,NAN,NAN,1,0.0,0.0,0.0,0.0,0.0,0.0,-35.3,-32.099999999999994,3.200000000000003,-0.206205,0.76378,131.0
CV_2829054,BRCA1,chr17,43093479,NAN,NAN,1,0.0,0.0,0.0,0.0,0.0,0.0,-37.00000000000001,-34.00000000000001,3.0,2.50566,0.984252,1381.0
CV_4215200,BRCA2,chr13,32363497,NAN,NAN,0,0.0,0.0,0.0,0.0,0.0,0.0,-43.00000000000001,-39.50000000000001,3.5,-0.301528,0.0,36.0
CV_4215685,BRCA2,chr13,32379895,NAN,NAN,1,0.0,0.0,0.0,0.0,0.0,0.0,-30.900000000000006,-26.700000000000003,4.200000000000003,0.199858,0.992126,18.0
CV_3652471,BRCA2,chr13,32333068,NAN,NAN,1,0.0,0.0,0.0,0.0,0.0,0.0,-28.200000000000003,-26.400000000000002,1.8000000000000007,0.952606,0.889764,319.0
CV_4215742,BRCA2,chr13,32394753,NAN,NAN,0,0.0,0.0,0.0,0.0,0.0,0.0,-35.00000000000001,-31.600000000000005,3.400000000000002,-0.541614,0.0629921,64.0
CV_4215383,BRCA2,chr13,32362610,NAN,NAN,0,0.0,0.0,0.0,0.0,0.0,0.0,-42.300000000000004,-36.900000000000006,5.399999999999999,1.72478,1.0,83.0
CV_4215563,BRCA2,chr13,32370536,NAN,NAN,0,0.0,0.0,0.0,0.0,0.0,0.0,-31.800000000000004,-28.800000000000008,2.9999999999999964,0.746189,1.0,21.0
CV_4215362,BRCA2,chr13,32362544,NAN,NAN,0,0.0,0.0,0.0,0.0,0.0,0.0,-45.00000000000001,-40.7,4.300000000000004,0.290173,0.992126,21.0
CV_2017739,BRCA2,chr13,32363207,NAN,NAN,1,0.0,0.0,0.0,0.0,0.0,0.0,-40.1,-37.10000000000001,2.999999999999993,1.81271,0.96063,28.0
CV_2816686,BRCA2,chr13,32355113,NAN,NAN,1,0.0,0.0,0.0,0.0,0.0,0.0,-38.2,-35.1,3.1000000000000014,-0.139354,0.0,175.0
CV_4720235,BRCA1,chr17,43071180,NAN,NAN,1,0.0,0.0,0.0,0.0,0.0,0.0,-37.60000000000001,-34.400000000000006,3.200000000000003,-0.420835,0.0,58.0
CV_4215187,BRCA2,chr13,32362553,NAN,NAN,0,0.0,0.0,0.0,0.0,0.0,0.0,-37.099999999999994,-34.1,2.999999999999993,0.0694646,0.929134,30.0
CV_3992627,BRCA1,chr17,43094265,NAN,NAN,0,0.0,0.0,0.0,0.0,0.0,0.0,-33.9,-31.900000000000002,1.9999999999999964,-0.052937,0.0,595.0
CV_2694673,BRCA2,chr13,32379397,NAN,NAN,1,0.0,0.0,0.0,0.0,0.0,0.0,-36.9,-32.6,4.299999999999997,1.21769,0.889764,80.0
CV_2021155,BRCA2,chr13,32355266,NAN,NAN,1,0.0,0.0,0.0,0.0,0.0,0.0,-34.400000000000006,-31.400000000000002,3.0000000000000036,0.30478,0.0,22.0
CV_4215358,BRCA2,chr13,32362527,NAN,NAN,1,0.0,0.0,0.0,0.0,0.0,0.0,-45.000000000000014,-40.80000000000001,4.200000000000003,0.731591,0.401575,4.0
CV_3727441,LOC126862571,chr17,43091778,NAN,NAN,0,0.0,0.0,0.0,0.0,0.0,0.0,0.0,0.0,0.0,2.71525,0.00787402,9999.0
CV_4215585,BRCA2,chr13,32371000,NAN,NAN,0,0.0,0.0,0.0,0.0,0.0,0.0,-37.800000000000004,-36.00000000000001,1.7999999999999972,0.425614,0.992126,44.0
CV_1692104,BRCA2,chr13,32332783,NAN,NAN,1,0.0,0.0,0.0,0.0,0.0,0.0,-30.3,-27.300000000000004,2.9999999999999964,-0.453,0.0314961,511.0
CV_3725456,BRCA2,chr13,32338927,NAN,NAN,0,0.0,0.0,0.0,0.0,0.0,0.0,-36.7,-33.7,3.0,0.291488,0.251969,2269.0
CV_4533113,BRCA1,chr17,43095919,NAN,NAN,0,0.0,0.0,0.0,0.0,0.0,0.0,-41.000000000000014,-35.60000000000001,5.400000000000006,0.331457,0.0551181,3.0
CV_4215685,BRCA2,chr13,32379895,NAN,NAN,0,0.0,0.0,0.0,0.0,0.0,0.0,-30.900000000000006,-26.700000000000003,4.200000000000003,0.199858,0.992126,18.0
CV_1556306,BRCA2,chr13,32363407,NAN,NAN,1,0.0,0.0,0.0,0.0,0.0,0.0,-44.300000000000004,-37.70000000000001,6.599999999999994,-0.969181,0.0629921,126.0
CV_4725192,BRCA1,chr17,43094019,NAN,NAN,1,0.0,0.0,0.0,0.0,0.0,0.0,-34.00000000000001,-30.500000000000007,3.5,-0.204984,0.15748,841.0
CV_4723355,BRCA2,chr13,32332816,NAN,NAN,0,0.0,0.0,0.0,0.0,0.0,0.0,-35.0,-29.5,5.5,0.099,0.0,544.0
CV_4215359,BRCA2,chr13,32362538,NAN,NAN,0,0.0,0.0,0.0,0.0,0.0,0.0,-46.20000000000001,-42.00000000000001,4.200000000000003,-0.81337,0.110236,15.0
CV_4215818,BRCA2,chr13,32394906,NAN,NAN,0,0.0,0.0,0.0,0.0,0.0,0.0,-32.8,-29.599999999999994,3.200000000000003,-0.293087,0.0,27.0
CV_1534953,BRCA2,chr13,32336317,NAN,NAN,1,0.0,0.0,0.0,0.0,0.0,0.0,-35.3,-32.199999999999996,3.1000000000000014,0.747095,0.00787402,52.0
CV_4728860,BRCA2,chr13,32354864,NAN,NAN,0,0.0,0.0,0.0,0.0,0.0,0.0,-39.5,-36.5,3.0,1.09193,0.0472441,3.0
CV_2098803,BRCA2,chr13,32332921,NAN,NAN,1,0.0,0.0,0.0,0.0,0.0,0.0,-39.4,-36.4,3.0,0.72,0.0,466.0
CV_4215433,BRCA2,chr13,32363275,NAN,NAN,0,0.0,0.0,0.0,0.0,0.0,0.0,-33.50000000000001,-29.300000000000004,4.200000000000003,0.366126,0.992126,96.0
CV_4215413,BRCA2,chr13,32363227,NAN,NAN,0,0.0,0.0,0.0,0.0,0.0,0.0,-32.4,-30.2,2.1999999999999993,-0.190252,0.354331,48.0
CV_3992837,BRCA2,chr13,32326510,NAN,NAN,0,0.0,0.0,0.0,0.0,0.0,0.0,-38.6,-34.3,4.300000000000004,1.95883,1.0,11.0
CV_4215406,BRCA2,chr13,32363215,NAN,NAN,0,0.0,0.0,0.0,0.0,0.0,0.0,-33.99999999999999,-30.599999999999994,3.3999999999999986,0.366126,0.984252,36.0
CV_4720453,BRCA2,chr13,32398500,NAN,NAN,1,0.0,0.0,0.0,0.0,0.0,0.0,-27.0,-23.800000000000004,3.1999999999999957,-0.0266299,0.00787402,338.0
CV_4215243,BRCA2,chr13,32362646,NAN,NAN,0,0.0,0.0,0.0,0.0,0.0,0.0,-37.60000000000001,-34.2,3.4000000000000057,0.0694646,0.968504,47.0
CV_3650235,BRCA2,chr13,32336362,NAN,NAN,1,0.0,0.0,0.0,0.0,0.0,0.0,-35.5,-33.5,2.0,0.590291,0.299213,97.0
CV_2823694,BRCA2,chr13,32340217,NAN,NAN,1,0.0,0.0,0.0,0.0,0.0,0.0,-32.80000000000001,-29.80000000000001,3.0,0.820803,0.015748,979.0
CV_1528411,BRCA2,chr13,32338355,NAN,NAN,1,0.0,0.0,0.0,0.0,0.0,0.0,-31.300000000000004,-28.300000000000004,3.0,0.291488,0.0,2090.0
CV_2034712,BRCA1,chr17,43076562,NAN,NAN,1,0.0,0.0,0.0,0.0,0.0,0.0,-41.1,-38.1,3.0,0.112102,0.0,52.0
CV_3721991,BRCA2,chr13,32330957,NAN,NAN,0,0.0,0.0,0.0,0.0,0.0,0.0,-31.700000000000003,-27.5,4.200000000000003,0.365449,0.0314961,38.0
CV_2003208,BRCA2,chr13,32394867,NAN,NAN,1,0.0,0.0,0.0,0.0,0.0,0.0,-33.3,-29.000000000000004,4.299999999999994,0.203969,0.0393701,66.0
CV_4215355,BRCA2,chr13,32362526,NAN,NAN,0,0.0,0.0,0.0,0.0,0.0,0.0,-44.90000000000002,-40.70000000000001,4.20000000000001,-0.371953,0.188976,3.0
CV_1735727,BRCA2,chr13,32338228,NAN,NAN,1,0.0,0.0,0.0,0.0,0.0,0.0,-33.50000000000001,-30.40000000000001,3.099999999999998,-1.35434,0.0,1963.0
CV_2596140,BRCA2,chr13,32338468,NAN,NAN,1,0.0,0.0,0.0,0.0,0.0,0.0,-39.8,-35.5,4.299999999999997,0.0446142,0.00787402,2203.0
CV_2021089,BRCA2,chr13,32338405,NAN,NAN,1,0.0,0.0,0.0,0.0,0.0,0.0,-29.1,-26.700000000000003,2.3999999999999986,-0.119969,0.0,2140.0
CV_4215468,BRCA2,chr13,32363383,NAN,NAN,0,0.0,0.0,0.0,0.0,0.0,0.0,-45.899999999999984,-41.69999999999999,4.199999999999996,-0.969181,0.0,150.0
CV_2091202,BRCA2,chr13,32333272,NAN,NAN,1,0.0,0.0,0.0,0.0,0.0,0.0,-30.500000000000007,-27.300000000000004,3.200000000000003,2.06103,0.125984,115.0
CV_2778864,BRCA2,chr13,32379373,NAN,NAN,1,0.0,0.0,0.0,0.0,0.0,0.0,-30.0,-26.799999999999997,3.200000000000003,0.0183543,0.984252,56.0
CV_4215167,BRCA2,chr13,32357756,NAN,NAN,0,0.0,0.0,0.0,0.0,0.0,0.0,-36.3,-30.499999999999996,5.800000000000001,-2.12465,0.0,14.0
CV_2760490,BRCA1,chr17,43094354,NAN,NAN,1,0.0,0.0,0.0,0.0,0.0,0.0,-38.1,-35.00000000000001,3.0999999999999943,0.0991102,0.0,506.0
CV_3639826,BRCA2,chr13,32363392,NAN,NAN,1,0.0,0.0,0.0,0.0,0.0,0.0,-40.900000000000006,-34.300000000000004,6.600000000000001,-0.0789764,0.889764,141.0
CV_4715278,BRCA2,chr13,32338642,NAN,NAN,0,0.0,0.0,0.0,0.0,0.0,0.0,-35.300000000000004,-31.100000000000005,4.199999999999999,1.1144,1.0,2377.0
CV_4215137,BRCA2,chr13,32371061,NAN,NAN,0,0.0,0.0,0.0,0.0,0.0,0.0,-36.5,-33.5,3.0,0.425614,0.0866142,39.0
CV_4215572,BRCA2,chr13,32370973,NAN,NAN,0,0.0,0.0,0.0,0.0,0.0,0.0,-36.10000000000001,-32.900000000000006,3.200000000000003,-0.53611,0.0,17.0
CV_2826592,BRCA2,chr13,32355047,NAN,NAN,1,0.0,0.0,0.0,0.0,0.0,0.0,-39.90000000000001,-36.50000000000001,3.4000000000000057,-0.139354,0.0,186.0
CV_3778919,BRCA1,chr17,43099812,NAN,NAN,0,0.0,0.0,0.0,0.0,0.0,0.0,-42.10000000000001,-36.7,5.400000000000006,-0.0423937,0.0,37.0
CV_1650952,BRCA2,chr13,32333041,NAN,NAN,1,0.0,0.0,0.0,0.0,0.0,0.0,-34.60000000000001,-30.40000000000001,4.199999999999999,0.444,0.0,346.0
CV_2075064,BRCA2,chr13,32398374,NAN,NAN,1,0.0,0.0,0.0,0.0,0.0,0.0,-34.8,-31.299999999999997,3.5,-0.38578,0.480315,212.0
CV_4215376,BRCA2,chr13,32362577,NAN,NAN,0,0.0,0.0,0.0,0.0,0.0,0.0,-32.800000000000004,-31.000000000000007,1.7999999999999972,0.179819,0.976378,54.0
CV_2774854,BRCA1,chr17,43093437,NAN,NAN,1,0.0,0.0,0.0,0.0,0.0,0.0,-40.500000000000014,-36.30000000000001,4.200000000000003,0.44226,0.023622,1423.0
CV_3706687,CFTR,chr7,117664699,NAN,NAN,0,0.0,0.0,0.0,0.0,0.0,0.0,-41.80000000000001,-38.60000000000001,3.200000000000003,2.42474,1.0,11.0
CV_4215478,BRCA2,chr13,32363419,NAN,NAN,0,0.0,0.0,0.0,0.0,0.0,0.0,-34.800000000000004,-30.6,4.200000000000003,-1.08046,0.0,114.0
CV_1533200,BRCA2,chr13,32340937,NAN,NAN,1,0.0,0.0,0.0,0.0,0.0,0.0,-32.199999999999996,-29.2,2.9999999999999964,0.910024,0.0,259.0
CV_3646898,BRCA2,chr13,32363488,NAN,NAN,1,0.0,0.0,0.0,0.0,0.0,0.0,-47.70000000000001,-43.50000000000001,4.200000000000003,-0.635354,0.181102,45.0
CV_2131373,BRCA1,chr17,43093137,NAN,NAN,1,0.0,0.0,0.0,0.0,0.0,0.0,-32.3,-29.3,2.9999999999999964,-0.368362,0.0,1702.0
CV_4215587,BRCA2,chr13,32371012,NAN,NAN,0,0.0,0.0,0.0,0.0,0.0,0.0,-39.7,-37.900000000000006,1.7999999999999972,0.959906,1.0,56.0
CV_4215365,BRCA2,chr13,32362559,NAN,NAN,0,0.0,0.0,0.0,0.0,0.0,0.0,-33.7,-31.500000000000004,2.1999999999999993,-0.0408898,0.96063,36.0
CV_3675236,BRCA2,chr13,32336533,NAN,NAN,1,0.0,0.0,0.0,0.0,0.0,0.0,-30.20000000000001,-28.40000000000001,1.8000000000000007,3.09914,0.937008,268.0
CV_2008784,BRCA1,chr17,43095916,NAN,NAN,1,0.0,0.0,0.0,0.0,0.0,0.0,-38.40000000000001,-34.2,4.20000000000001,1.44636,0.771654,6.0
CV_4001826,CFTR,chr7,117536644,NAN,NAN,0,0.0,0.0,0.0,0.0,0.0,0.0,-36.3,-33.3,3.0,0.198142,0.968504,29.0
CV_4215155,BRCA2,chr13,32357819,NAN,NAN,0,0.0,0.0,0.0,0.0,0.0,0.0,-32.2,-29.200000000000003,3.0,0.163283,0.0787402,77.0
CV_4215624,BRCA2,chr13,32376773,NAN,NAN,0,0.0,0.0,0.0,0.0,0.0,0.0,-45.00000000000001,-40.800000000000004,4.200000000000003,0.599567,0.968504,18.0
CV_4227425,CFTR,chr7,117642548,NAN,NAN,0,0.0,0.0,0.0,0.0,0.0,0.0,-35.8,-32.8,3.0,-0.187654,0.023622,45.0
CV_2127102,BRCA1,chr17,43092210,NAN,NAN,1,0.0,0.0,0.0,0.0,0.0,0.0,-34.599999999999994,-32.8,1.7999999999999972,0.236591,0.0,775.0
CV_2805187,BRCA2,chr13,32333341,NAN,NAN,1,0.0,0.0,0.0,0.0,0.0,0.0,-38.9,-35.900000000000006,2.999999999999993,1.03178,0.677165,46.0
CV_1671400,BRCA2,chr13,32398305,NAN,NAN,1,0.0,0.0,0.0,0.0,0.0,0.0,-35.1,-30.799999999999997,4.300000000000004,0.781457,0.330709,143.0
CV_3615543,LOC126862571,chr17,43092252,NAN,NAN,1,0.0,0.0,0.0,0.0,0.0,0.0,0.0,0.0,0.0,0.236591,0.0,9999.0
CV_1930006,BRCA1,chr17,43092480,NAN,NAN,1,0.0,0.0,0.0,0.0,0.0,0.0,-37.7,-33.5,4.200000000000003,0.649701,0.00787402,1045.0
CV_2190137,BRCA2,chr13,32396918,NAN,NAN,1,0.0,0.0,0.0,0.0,0.0,0.0,-35.7,-32.5,3.200000000000003,-0.27426,0.015748,20.0
CV_4215195,BRCA2,chr13,32371069,NAN,NAN,0,0.0,0.0,0.0,0.0,0.0,0.0,-33.7,-30.3,3.400000000000002,-0.215535,0.771654,31.0
CV_2814035,BRCA1,chr17,43093713,NAN,NAN,1,0.0,0.0,0.0,0.0,0.0,0.0,-32.4,-29.0,3.3999999999999986,-0.294669,0.0,1147.0
CV_4227392,CFTR,chr7,117592006,NAN,NAN,0,0.0,0.0,0.0,0.0,0.0,0.0,-31.400000000000006,-27.200000000000003,4.200000000000003,-0.0173228,0.984252,72.0
CV_2859729,BRCA1,chr17,43092879,NAN,NAN,1,0.0,0.0,0.0,0.0,0.0,0.0,-41.6,-38.4,3.200000000000003,-0.957906,0.0,1444.0
CV_4215440,BRCA2,chr13,32363287,NAN,NAN,0,0.0,0.0,0.0,0.0,0.0,0.0,-35.2,-32.0,3.200000000000003,-0.412803,0.0,108.0
CV_3992870,BRCA2,chr13,32354966,NAN,NAN,0,0.0,0.0,0.0,0.0,0.0,0.0,-32.9,-29.900000000000002,2.9999999999999964,0.343654,0.992126,105.0
CV_4625299,BRCA1,chr17,43093917,NAN,NAN,1,0.0,0.0,0.0,0.0,0.0,0.0,-40.70000000000001,-38.90000000000001,1.7999999999999972,0.479228,0.0551181,943.0
CV_4215166,BRCA2,chr13,32356453,NAN,NAN,0,0.0,0.0,0.0,0.0,0.0,0.0,-37.60000000000001,-32.20000000000001,5.399999999999999,0.590441,1.0,25.0
CV_4215385,BRCA2,chr13,32362610,NAN,NAN,0,0.0,0.0,0.0,0.0,0.0,0.0,-42.300000000000004,-36.900000000000006,5.399999999999999,1.72478,1.0,83.0
CV_4215417,BRCA2,chr13,32363248,NAN,NAN,0,0.0,0.0,0.0,0.0,0.0,0.0,-39.2,-34.99999999999999,4.20000000000001,-0.301528,0.527559,69.0
CV_2133384,BRCA2,chr13,32354984,NAN,NAN,1,0.0,0.0,0.0,0.0,0.0,0.0,-37.10000000000001,-35.30000000000001,1.7999999999999972,0.0110866,0.0,123.0
CV_4215126,BRCA1,chr17,43092258,NAN,NAN,0,0.0,0.0,0.0,0.0,0.0,0.0,-38.50000000000001,-34.300000000000004,4.200000000000003,0.814945,0.653543,823.0
CV_3728016,CFTR,chr7,117664846,NAN,NAN,0,0.0,0.0,0.0,0.0,0.0,0.0,-41.5,-37.300000000000004,4.199999999999996,0.706937,1.0,14.0
CV_4215555,BRCA2,chr13,32370518,NAN,NAN,0,0.0,0.0,0.0,0.0,0.0,0.0,-35.6,-32.50000000000001,3.0999999999999943,-0.749827,0.0708661,39.0
CV_4215535,BRCA2,chr13,32370449,NAN,NAN,0,0.0,0.0,0.0,0.0,0.0,0.0,-37.50000000000001,-34.300000000000004,3.200000000000003,-0.108677,0.629921,47.0
CV_1604662,BRCA2,chr13,32363413,NAN,NAN,1,0.0,0.0,0.0,0.0,0.0,0.0,-41.800000000000004,-38.4,3.4000000000000057,-0.524079,0.0,120.0
CV_2696479,BRCA1,chr17,43094028,NAN,NAN,1,0.0,0.0,0.0,0.0,0.0,0.0,-30.999999999999996,-29.0,1.9999999999999964,0.403205,0.503937,832.0
CV_4215293,BRCA2,chr13,32356438,NAN,NAN,0,0.0,0.0,0.0,0.0,0.0,0.0,-31.40000000000001,-28.40000000000001,3.0,2.33063,0.976378,10.0
CV_4215546,BRCA2,chr13,32370483,NAN,NAN,0,0.0,0.0,0.0,0.0,0.0,0.0,-44.50000000000001,-41.50000000000001,3.0,-0.108677,0.0,74.0
CV_1732122,LOC126862571,chr17,43092024,NAN,NAN,1,0.0,0.0,0.0,0.0,0.0,0.0,0.0,0.0,0.0,0.319213,0.0,9999.0
CV_2095780,BRCA2,chr13,32337436,NAN,NAN,1,0.0,0.0,0.0,0.0,0.0,0.0,-33.199999999999996,-27.700000000000003,5.499999999999993,0.103803,0.984252,1171.0
CV_4215565,BRCA2,chr13,32370545,NAN,NAN,0,0.0,0.0,0.0,0.0,0.0,0.0,-37.9,-34.7,3.1999999999999957,-0.0018189,0.212598,12.0
CV_1999196,BRCA2,chr13,32340650,NAN,NAN,1,0.0,0.0,0.0,0.0,0.0,0.0,-37.80000000000001,-34.400000000000006,3.4000000000000057,0.0178189,0.0,546.0
CV_4215455,BRCA2,chr13,32363335,NAN,NAN,0,0.0,0.0,0.0,0.0,0.0,0.0,-40.2,-36.0,4.200000000000003,-0.190252,0.0,156.0
CV_4001861,CFTR,chr7,117610539,NAN,NAN,0,0.0,0.0,0.0,0.0,0.0,0.0,-39.900000000000006,-35.7,4.200000000000003,-0.246402,0.433071,20.0
CV_4215310,BRCA2,chr13,32356546,NAN,NAN,0,0.0,0.0,0.0,0.0,0.0,0.0,-42.900000000000006,-37.40000000000001,5.499999999999993,-0.0862992,0.0,63.0
CV_2566022,BRCA2,chr13,32340352,NAN,NAN,1,0.0,0.0,0.0,0.0,0.0,0.0,-33.9,-29.599999999999998,4.300000000000001,-0.695945,0.165354,844.0
CV_1745500,BRCA2,chr13,32339479,NAN,NAN,1,0.0,0.0,0.0,0.0,0.0,0.0,-33.70000000000001,-29.500000000000007,4.200000000000003,-2.05703,0.0,1717.0
CV_2088437,BRCA2,chr13,32340344,NAN,NAN,1,0.0,0.0,0.0,0.0,0.0,0.0,-36.900000000000006,-33.900000000000006,3.0,4.38962,0.984252,852.0
CV_1544617,BRCA2,chr13,32333347,NAN,NAN,1,0.0,0.0,0.0,0.0,0.0,0.0,-34.0,-30.8,3.1999999999999993,-1.26424,0.0,40.0
CV_4215726,BRCA2,chr13,32394699,NAN,NAN,0,0.0,0.0,0.0,0.0,0.0,0.0,-40.800000000000004,-37.8,3.000000000000007,-0.375929,0.0,10.0
CV_4215163,BRCA2,chr13,32356441,NAN,NAN,0,0.0,0.0,0.0,0.0,0.0,0.0,-32.60000000000001,-28.300000000000008,4.300000000000001,0.493764,0.992126,13.0
CV_2865539,BRCA1,chr17,43093551,NAN,NAN,1,0.0,0.0,0.0,0.0,0.0,0.0,-45.10000000000001,-40.9,4.20000000000001,0.589646,0.574803,1309.0
CV_2087983,BRCA1,chr17,43092390,NAN,NAN,1,0.0,0.0,0.0,0.0,0.0,0.0,-36.50000000000001,-33.1,3.4000000000000057,-0.17652,0.0,955.0
CV_1541833,BRCA1,chr17,43093773,NAN,NAN,1,0.0,0.0,0.0,0.0,0.0,0.0,-41.00000000000001,-37.6,3.4000000000000057,0.0737953,0.181102,1087.0
CV_2994133,BRCA2,chr13,32337235,NAN,NAN,1,0.0,0.0,0.0,0.0,0.0,0.0,-35.0,-29.500000000000007,5.499999999999993,0.493921,0.826772,970.0
CV_1655517,LOC126862571,chr17,43092060,NAN,NAN,1,0.0,0.0,0.0,0.0,0.0,0.0,0.0,0.0,0.0,-0.0112756,0.0,9999.0
CV_1765009,BRCA2,chr13,32379457,NAN,NAN,1,0.0,0.0,0.0,0.0,0.0,0.0,-41.0,-37.8,3.200000000000003,-0.28148,0.858268,58.0
CV_2699409,BRCA1,chr17,43092738,NAN,NAN,1,0.0,0.0,0.0,0.0,0.0,0.0,-43.60000000000001,-38.2,5.400000000000006,-1.25061,0.0,1303.0
CV_4727799,BRCA2,chr13,32379844,NAN,NAN,0,0.0,0.0,0.0,0.0,0.0,0.0,-27.699999999999996,-24.3,3.399999999999995,0.104425,0.968504,69.0
CV_3649893,BRCA1,chr17,43092582,NAN,NAN,0,0.0,0.0,0.0,0.0,0.0,0.0,-40.50000000000001,-38.70000000000001,1.7999999999999972,1.3933,0.984252,1147.0
CV_2762228,BRCA2,chr13,32398362,NAN,NAN,1,0.0,0.0,0.0,0.0,0.0,0.0,-41.7,-39.50000000000001,2.1999999999999957,-1.82238,0.0,200.0
CV_4827542,CFTR,chr7,117540319,NAN,NAN,0,0.0,0.0,0.0,0.0,0.0,0.0,-40.60000000000001,-36.30000000000001,4.299999999999997,0.275795,0.984252,27.0
CV_4215789,BRCA2,chr13,32394852,NAN,NAN,0,0.0,0.0,0.0,0.0,0.0,0.0,-32.1,-27.900000000000002,4.199999999999999,1.44661,1.0,81.0
CV_2018733,BRCA2,chr13,32339737,NAN,NAN,1,0.0,0.0,0.0,0.0,0.0,0.0,-34.0,-31.8,2.1999999999999993,0.944425,0.0,1459.0
CV_1742635,BRCA1,chr17,43094349,NAN,NAN,1,0.0,0.0,0.0,0.0,0.0,0.0,-38.20000000000001,-35.100000000000016,3.0999999999999943,1.46754,0.976378,511.0
CV_4215101,BRCA1,chr17,43093218,NAN,NAN,0,0.0,0.0,0.0,0.0,0.0,0.0,-38.0,-32.6,5.399999999999999,0.589646,0.629921,1642.0
CV_1554722,BRCA1,chr17,43082504,NAN,NAN,1,0.0,0.0,0.0,0.0,0.0,0.0,-41.8,-38.7,3.0999999999999943,0.214661,0.992126,71.0
CV_4215943,BRCA2,chr13,32398333,NAN,NAN,1,0.0,0.0,0.0,0.0,0.0,0.0,-36.800000000000004,-33.800000000000004,3.0,0.33252,0.858268,171.0
CV_4215593,BRCA2,chr13,32371069,NAN,NAN,0,0.0,0.0,0.0,0.0,0.0,0.0,-33.7,-30.3,3.400000000000002,-0.215535,0.771654,31.0
CV_2878369,BRCA2,chr13,32339944,NAN,NAN,1,0.0,0.0,0.0,0.0,0.0,0.0,-29.000000000000004,-26.000000000000004,3.0,1.80198,0.992126,1252.0
CV_4717575,BRCA2,chr13,32337406,NAN,NAN,1,0.0,0.0,0.0,0.0,0.0,0.0,-36.900000000000006,-32.7,4.200000000000003,1.82032,1.0,1141.0
CV_3572371,BRCA2,chr13,32371042,NAN,NAN,1,0.0,0.0,0.0,0.0,0.0,0.0,-43.50000000000001,-40.400000000000006,3.1000000000000014,-0.429252,0.0787402,58.0
CV_4001841,CFTR,chr7,117592054,NAN,NAN,0,0.0,0.0,0.0,0.0,0.0,0.0,-34.60000000000001,-31.400000000000002,3.2000000000000064,-0.118953,0.590551,120.0
CV_1794758,BRCA1,chr17,43092843,NAN,NAN,1,0.0,0.0,0.0,0.0,0.0,0.0,-35.1,-30.8,4.300000000000001,0.368567,0.00787402,1408.0
CV_2804331,BRCA2,chr13,32376758,NAN,NAN,1,0.0,0.0,0.0,0.0,0.0,0.0,-34.60000000000001,-30.400000000000006,4.200000000000003,-1.56284,0.0,33.0
CV_4215644,BRCA2,chr13,32379403,NAN,NAN,0,0.0,0.0,0.0,0.0,0.0,0.0,-39.1,-37.300000000000004,1.7999999999999972,0.518079,0.992126,86.0
CV_2015705,BRCA1,chr17,43093797,NAN,NAN,1,0.0,0.0,0.0,0.0,0.0,0.0,-30.299999999999997,-26.099999999999998,4.199999999999999,0.479228,0.188976,1063.0
CV_4215610,BRCA2,chr13,32376728,NAN,NAN,0,0.0,0.0,0.0,0.0,0.0,0.0,-38.1,-35.1,3.0,0.119031,0.968504,58.0
CV_3992876,BRCA2,chr13,32397002,NAN,NAN,0,0.0,0.0,0.0,0.0,0.0,0.0,-46.800000000000004,-42.2,4.600000000000001,-0.156157,0.0,42.0
CV_4215690,BRCA2,chr13,32380042,NAN,NAN,0,0.0,0.0,0.0,0.0,0.0,0.0,-50.29999999999999,-45.99999999999999,4.299999999999997,-0.563606,0.0472441,35.0
CV_4716391,BRCA1,chr17,43099839,NAN,NAN,0,0.0,0.0,0.0,0.0,0.0,0.0,-41.20000000000001,-37.00000000000001,4.200000000000003,0.652307,0.590551,41.0
CV_4843827,CFTR,chr7,117587813,NAN,NAN,0,0.0,0.0,0.0,0.0,0.0,0.0,-38.0,-33.8,4.200000000000003,0.118181,0.968504,20.0
CV_4215678,BRCA2,chr13,32379769,NAN,NAN,0,0.0,0.0,0.0,0.0,0.0,0.0,-40.000000000000014,-35.70000000000001,4.300000000000004,-0.0864409,0.913386,19.0
CV_2695435,BRCA2,chr13,32332930,NAN,NAN,1,0.0,0.0,0.0,0.0,0.0,0.0,-40.4,-38.2,2.1999999999999957,0.927,0.0,457.0
CV_4215424,BRCA2,chr13,32363257,NAN,NAN,0,0.0,0.0,0.0,0.0,0.0,0.0,-36.400000000000006,-32.1,4.300000000000004,-0.635354,0.0314961,78.0
CV_4215714,BRCA2,chr13,32380132,NAN,NAN,0,0.0,0.0,0.0,0.0,0.0,0.0,-31.799999999999994,-28.799999999999994,3.0,-0.277307,0.582677,13.0
CV_2017860,BRCA2,chr13,32332948,NAN,NAN,1,0.0,0.0,0.0,0.0,0.0,0.0,-38.1,-35.1,3.0,1.203,0.0,439.0
CV_3666365,BRCA2,chr13,32379835,NAN,NAN,0,0.0,0.0,0.0,0.0,0.0,0.0,-33.4,-30.400000000000006,2.999999999999993,-0.277307,0.0393701,78.0
CV_3657747,BRCA2,chr13,32376701,NAN,NAN,0,0.0,0.0,0.0,0.0,0.0,0.0,-40.3,-36.0,4.299999999999997,-1.92324,0.0,31.0
CV_4650699,CFTR,chr7,117534308,NAN,NAN,0,0.0,0.0,0.0,0.0,0.0,0.0,-28.700000000000003,-26.900000000000002,1.8000000000000007,5.20283,1.0,32.0
CV_1530839,BRCA1,chr17,43082480,NAN,NAN,1,0.0,0.0,0.0,0.0,0.0,0.0,-43.199999999999996,-38.9,4.299999999999997,1.10072,0.0,76.0
CV_2719609,BRCA2,chr13,32356459,NAN,NAN,1,0.0,0.0,0.0,0.0,0.0,0.0,-39.400000000000006,-37.00000000000001,2.3999999999999986,0.010378,0.00787402,31.0
CV_4215476,BRCA2,chr13,32363416,NAN,NAN,0,0.0,0.0,0.0,0.0,0.0,0.0,-39.4,-35.199999999999996,4.200000000000003,-1.41428,0.0,117.0
CV_2681819,BRCA2,chr13,32332852,NAN,NAN,1,0.0,0.0,0.0,0.0,0.0,0.0,-38.1,-34.9,3.200000000000003,0.03,0.0,535.0
CV_3620977,BRCA2,chr13,32363248,NAN,NAN,1,0.0,0.0,0.0,0.0,0.0,0.0,-39.2,-34.99999999999999,4.20000000000001,-0.301528,0.527559,69.0
CV_4215561,BRCA2,chr13,32370533,NAN,NAN,0,0.0,0.0,0.0,0.0,0.0,0.0,-30.300000000000004,-28.100000000000005,2.1999999999999993,-0.215535,0.00787402,24.0
CV_1998151,BRCA2,chr13,32340172,NAN,NAN,1,0.0,0.0,0.0,0.0,0.0,0.0,-37.6,-32.199999999999996,5.400000000000006,-0.513425,0.0,1024.0
CV_4215497,BRCA2,chr13,32363470,NAN,NAN,0,0.0,0.0,0.0,0.0,0.0,0.0,-43.699999999999996,-39.5,4.199999999999996,0.588677,0.992126,63.0
CV_2024436,BRCA2,chr13,32332349,NAN,NAN,1,0.0,0.0,0.0,0.0,0.0,0.0,-39.40000000000001,-34.00000000000001,5.400000000000006,-0.039,0.00787402,77.0
CV_1530332,BRCA1,chr17,43094823,NAN,NAN,1,0.0,0.0,0.0,0.0,0.0,0.0,-32.900000000000006,-28.70000000000001,4.199999999999996,0.215724,0.0,37.0
CV_4215564,BRCA2,chr13,32370540,NAN,NAN,0,0.0,0.0,0.0,0.0,0.0,0.0,-35.2,-32.2,3.0,4.8068,1.0,17.0
CV_1758321,BRCA2,chr13,32355173,NAN,NAN,1,0.0,0.0,0.0,0.0,0.0,0.0,-41.60000000000001,-38.400000000000006,3.200000000000003,0.127126,0.0,115.0
CV_4215763,BRCA2,chr13,32394816,NAN,NAN,0,0.0,0.0,0.0,0.0,0.0,0.0,-46.4,-42.1,4.299999999999997,-0.293087,0.110236,117.0
CV_3660292,BRCA2,chr13,32336266,NAN,NAN,1,0.0,0.0,0.0,0.0,0.0,0.0,-32.1,-29.0,3.1000000000000014,1.84472,0.944882,1.0
CV_4215646,BRCA2,chr13,32379407,NAN,NAN,0,0.0,0.0,0.0,0.0,0.0,0.0,-39.400000000000006,-36.0,3.4000000000000057,1.0178,1.0,90.0
CV_4807108,BRCA2,chr13,32340259,NAN,NAN,1,0.0,0.0,0.0,0.0,0.0,0.0,-37.00000000000001,-32.80000000000001,4.199999999999996,-0.249843,0.0,937.0
CV_4215832,BRCA2,chr13,32396924,NAN,NAN,0,0.0,0.0,0.0,0.0,0.0,0.0,-37.8,-33.599999999999994,4.200000000000003,1.97541,1.0,26.0
CV_3832574,CFTR,chr7,117611642,NAN,NAN,0,0.0,0.0,0.0,0.0,0.0,0.0,-47.0,-41.599999999999994,5.400000000000006,-0.50826,0.149606,61.0
CV_4215351,BRCA2,chr13,32357924,NAN,NAN,0,0.0,0.0,0.0,0.0,0.0,0.0,-31.800000000000004,-30.000000000000004,1.8000000000000007,0.644953,1.0,5.0
CV_2787852,BRCA2,chr13,32339290,NAN,NAN,1,0.0,0.0,0.0,0.0,0.0,0.0,-33.3,-30.3,2.9999999999999964,-0.0846457,0.0,1906.0
CV_4064536,CFTR,chr7,117592288,NAN,NAN,0,0.0,0.0,0.0,0.0,0.0,0.0,-31.9,-28.499999999999996,3.400000000000002,-0.423843,0.0,354.0
CV_4215448,BRCA2,chr13,32363311,NAN,NAN,0,0.0,0.0,0.0,0.0,0.0,0.0,-34.2,-31.200000000000006,2.9999999999999964,-0.524079,0.0,132.0
CV_2129948,BRCA2,chr13,32336855,NAN,NAN,1,0.0,0.0,0.0,0.0,0.0,0.0,-45.2,-42.10000000000001,3.0999999999999943,-0.115323,0.0,590.0
CV_2861427,BRCA2,chr13,32338073,NAN,NAN,1,0.0,0.0,0.0,0.0,0.0,0.0,-38.1,-33.8,4.300000000000004,1.35218,0.88189,1808.0
CV_2754219,PAH,chr12,102877519,NAN,NAN,1,0.0,0.0,0.0,0.0,0.0,0.0,-38.800000000000004,-33.400000000000006,5.399999999999999,-1.71929,0.0,31.0
CV_1740873,BRCA2,chr13,32326122,NAN,NAN,1,0.0,0.0,0.0,0.0,0.0,0.0,-35.900000000000006,-31.6,4.300000000000004,0.0380551,0.0,21.0
CV_4842965,BRCA2,chr13,32325173,NAN,NAN,0,0.0,0.0,0.0,0.0,0.0,0.0,-31.200000000000003,-26.900000000000002,4.300000000000001,0.274016,0.889764,11.0
CV_2595978,BRCA2,chr13,32398602,NAN,NAN,1,0.0,0.0,0.0,0.0,0.0,0.0,-32.900000000000006,-30.500000000000007,2.3999999999999986,-1.55302,0.0,440.0
CV_2849672,BRCA2,chr13,32340928,NAN,NAN,1,0.0,0.0,0.0,0.0,0.0,0.0,-28.900000000000002,-27.1,1.8000000000000007,1.53457,0.511811,268.0
CV_3639863,BRCA1,chr17,43091007,NAN,NAN,1,0.0,0.0,0.0,0.0,0.0,0.0,-41.6,-37.300000000000004,4.299999999999997,1.28517,1.0,25.0
CV_1555602,BRCA1,chr17,43091772,NAN,NAN,1,0.0,0.0,0.0,0.0,0.0,0.0,-39.30000000000001,-35.900000000000006,3.4000000000000057,0.401835,0.015748,337.0
CV_2963748,BRCA2,chr13,32339056,NAN,NAN,1,0.0,0.0,0.0,0.0,0.0,0.0,-38.300000000000004,-36.10000000000001,2.1999999999999957,-0.449134,0.0,2140.0
CV_1558837,BRCA2,chr13,32332588,NAN,NAN,1,0.0,0.0,0.0,0.0,0.0,0.0,-33.6,-30.200000000000003,3.3999999999999986,0.099,0.0,316.0
CV_2586276,BRCA2,chr13,32379347,NAN,NAN,1,0.0,0.0,0.0,0.0,0.0,0.0,-35.00000000000001,-32.00000000000001,3.0,1.31764,0.952756,30.0
CV_2012051,BRCA2,chr13,32379823,NAN,NAN,1,0.0,0.0,0.0,0.0,0.0,0.0,-33.6,-30.400000000000002,3.1999999999999993,0.86789,1.0,73.0
CV_1656301,BRCA1,chr17,43071216,NAN,NAN,1,0.0,0.0,0.0,0.0,0.0,0.0,-43.800000000000004,-39.6,4.200000000000003,2.20383,1.0,22.0
CV_4215744,BRCA2,chr13,32394771,NAN,NAN,0,0.0,0.0,0.0,0.0,0.0,0.0,-37.6,-35.400000000000006,2.1999999999999957,-0.707299,0.110236,82.0
CV_4215262,BRCA2,chr13,32357894,NAN,NAN,0,0.0,0.0,0.0,0.0,0.0,0.0,-40.70000000000001,-35.30000000000001,5.399999999999999,0.0428661,0.905512,35.0
CV_2126323,BRCA2,chr13,32355254,NAN,NAN,1,0.0,0.0,0.0,0.0,0.0,0.0,-38.5,-34.3,4.200000000000003,-0.228181,0.0,34.0
CV_1768301,BRCA1,chr17,43094550,NAN,NAN,1,0.0,0.0,0.0,0.0,0.0,0.0,-33.300000000000004,-30.10000000000001,3.1999999999999957,-0.204984,0.0,310.0
CV_2701376,BRCA2,chr13,32340898,NAN,NAN,1,0.0,0.0,0.0,0.0,0.0,0.0,-36.4,-33.4,3.0,0.463921,0.023622,298.0
CV_2847392,BRCA2,chr13,32339170,NAN,NAN,1,0.0,0.0,0.0,0.0,0.0,0.0,-33.2,-31.40000000000001,1.7999999999999936,2.76023,0.968504,2026.0
CV_4215523,BRCA2,chr13,32370410,NAN,NAN,0,0.0,0.0,0.0,0.0,0.0,0.0,-37.400000000000006,-34.0,3.4000000000000057,-1.71155,0.0,8.0
CV_3992639,BRCA1,chr17,43092054,NAN,NAN,0,0.0,0.0,0.0,0.0,0.0,0.0,-33.9,-31.700000000000006,2.199999999999992,-0.17652,0.0,619.0
CV_4215541,BRCA2,chr13,32370470,NAN,NAN,0,0.0,0.0,0.0,0.0,0.0,0.0,-43.900000000000006,-40.900000000000006,3.0,-0.429252,0.338583,68.0
CV_2905144,BRCA1,chr17,43091648,NAN,NAN,1,0.0,0.0,0.0,0.0,0.0,0.0,-36.699999999999996,-33.699999999999996,3.0,1.28517,1.0,213.0
CV_2708418,BRCA2,chr13,32379782,NAN,NAN,1,0.0,0.0,0.0,0.0,0.0,0.0,-31.800000000000004,-30.000000000000007,1.7999999999999972,0.00899213,0.244094,32.0
CV_4215617,BRCA2,chr13,32376746,NAN,NAN,0,0.0,0.0,0.0,0.0,0.0,0.0,-39.50000000000001,-34.00000000000001,5.5,1.0801,1.0,45.0
CV_4215698,BRCA2,chr13,32380078,NAN,NAN,0,0.0,0.0,0.0,0.0,0.0,0.0,-36.800000000000004,-32.6,4.200000000000003,0.677024,0.992126,67.0
CV_1753939,BRCA2,chr13,32340862,NAN,NAN,1,0.0,0.0,0.0,0.0,0.0,0.0,-37.400000000000006,-32.0,5.400000000000006,-0.428283,0.0,334.0
CV_2819976,BRCA1,chr17,43071048,NAN,NAN,1,0.0,0.0,0.0,0.0,0.0,0.0,-40.800000000000004,-36.6,4.200000000000003,1.13978,0.0,120.0
CV_1561159,BRCA1,chr17,43093128,NAN,NAN,1,0.0,0.0,0.0,0.0,0.0,0.0,-34.80000000000001,-30.500000000000004,4.300000000000008,0.147488,0.0,1693.0
CV_2746609,BRCA2,chr13,32340703,NAN,NAN,1,0.0,0.0,0.0,0.0,0.0,0.0,-43.0,-38.7,4.299999999999997,-0.339063,0.0,493.0
CV_4215415,BRCA2,chr13,32363245,NAN,NAN,0,0.0,0.0,0.0,0.0,0.0,0.0,-41.4,-37.199999999999996,4.200000000000003,-0.524079,0.023622,66.0
CV_2695437,BRCA2,chr13,32340682,NAN,NAN,1,0.0,0.0,0.0,0.0,0.0,0.0,-37.10000000000001,-34.10000000000001,3.0,0.731583,0.023622,514.0
CV_3832559,CFTR,chr7,117592405,NAN,NAN,0,0.0,0.0,0.0,0.0,0.0,0.0,-48.10000000000001,-42.70000000000001,5.399999999999999,0.287567,0.992126,252.0
CV_2089010,BRCA2,chr13,32363287,NAN,NAN,1,0.0,0.0,0.0,0.0,0.0,0.0,-35.2,-32.0,3.200000000000003,-0.412803,0.0,108.0
CV_1736707,BRCA1,chr17,43091550,NAN,NAN,1,0.0,0.0,0.0,0.0,0.0,0.0,-43.7,-39.400000000000006,4.299999999999997,-1.45539,0.0,115.0
CV_1730782,BRCA1,chr17,43092153,NAN,NAN,1,0.0,0.0,0.0,0.0,0.0,0.0,-33.60000000000001,-30.400000000000006,3.200000000000003,-0.0938976,0.015748,718.0
CV_4215647,BRCA2,chr13,32379415,NAN,NAN,0,0.0,0.0,0.0,0.0,0.0,0.0,-41.70000000000001,-36.300000000000004,5.400000000000006,-0.0815905,0.00787402,98.0
CV_2710099,BRCA2,chr13,32379394,NAN,NAN,1,0.0,0.0,0.0,0.0,0.0,0.0,-40.0,-34.6,5.399999999999999,-0.381425,0.811024,77.0
CV_4215360,BRCA2,chr13,32362538,NAN,NAN,0,0.0,0.0,0.0,0.0,0.0,0.0,-46.20000000000001,-42.00000000000001,4.200000000000003,-0.81337,0.110236,15.0
CV_1763483,BRCA1,chr17,43094685,NAN,NAN,1,0.0,0.0,0.0,0.0,0.0,0.0,-42.2,-39.00000000000001,3.1999999999999957,-0.204984,0.952756,175.0
